[1612ŒŽ2025 19:05:05.474] [main/INFO] [cpw.mods.modlauncher.Launcher/MODLAUNCHER]: ModLauncher running: args [--launchTarget, forgedatauserdev, --assetIndex, 5, --assetsDir, C:\Users\kai10\.gradle\caches\forge_gradle\assets, --gameDir, ., --fml.forgeVersion, 47.3.0, --fml.mcVersion, 1.20.1, --fml.forgeGroup, net.minecraftforge, --fml.mcpVersion, 20230612.114412, --mod, flans_star_forge, --all, --output, C:\Users\kai10\main\forge\ReFlansStarForge\src\generated\resources, --existing, C:\Users\kai10\main\forge\ReFlansStarForge\src\main\resources, --mixin.config, flans_star_forge.mixins.json]
[1612ŒŽ2025 19:05:05.483] [main/INFO] [cpw.mods.modlauncher.Launcher/MODLAUNCHER]: ModLauncher 10.0.9+10.0.9+main.dcd20f30 starting: java version 17.0.12 by Eclipse Adoptium; OS Windows 11 arch amd64 version 10.0
[1612ŒŽ2025 19:05:05.532] [main/DEBUG] [cpw.mods.modlauncher.LaunchServiceHandler/MODLAUNCHER]: Found launch services [fmlclientdev,forgeclient,minecraft,forgegametestserverdev,fmlserveruserdev,fmlclient,fmldatauserdev,forgeserverdev,forgeserveruserdev,forgeclientdev,forgeclientuserdev,forgeserver,forgedatadev,fmlserver,fmlclientuserdev,fmlserverdev,forgedatauserdev,testharness,forgegametestserveruserdev]
[1612ŒŽ2025 19:05:05.547] [main/DEBUG] [cpw.mods.modlauncher.NameMappingServiceHandler/MODLAUNCHER]: Found naming services : [srgtomcp]
[1612ŒŽ2025 19:05:05.560] [main/DEBUG] [cpw.mods.modlauncher.LaunchPluginHandler/MODLAUNCHER]: Found launch plugins: [mixin,eventbus,slf4jfixer,object_holder_definalize,runtime_enum_extender,capability_token_subclass,accesstransformer,runtimedistcleaner]
[1612ŒŽ2025 19:05:05.567] [main/DEBUG] [cpw.mods.modlauncher.TransformationServicesHandler/MODLAUNCHER]: Discovering transformation services
[1612ŒŽ2025 19:05:05.572] [main/DEBUG] [net.minecraftforge.fml.loading.FMLPaths/CORE]: Path GAMEDIR is C:\Users\kai10\main\forge\ReFlansStarForge\run-data
[1612ŒŽ2025 19:05:05.572] [main/DEBUG] [net.minecraftforge.fml.loading.FMLPaths/CORE]: Path MODSDIR is C:\Users\kai10\main\forge\ReFlansStarForge\run-data\mods
[1612ŒŽ2025 19:05:05.573] [main/DEBUG] [net.minecraftforge.fml.loading.FMLPaths/CORE]: Path CONFIGDIR is C:\Users\kai10\main\forge\ReFlansStarForge\run-data\config
[1612ŒŽ2025 19:05:05.573] [main/DEBUG] [net.minecraftforge.fml.loading.FMLPaths/CORE]: Path FMLCONFIG is C:\Users\kai10\main\forge\ReFlansStarForge\run-data\config\fml.toml
[1612ŒŽ2025 19:05:05.603] [main/DEBUG] [cpw.mods.modlauncher.TransformationServicesHandler/MODLAUNCHER]: Found additional transformation services from discovery services: 
[1612ŒŽ2025 19:05:05.610] [main/INFO] [net.minecraftforge.fml.loading.ImmediateWindowHandler/]: ImmediateWindowProvider not loading because launch target is forgedatauserdev
[1612ŒŽ2025 19:05:05.618] [main/DEBUG] [cpw.mods.modlauncher.TransformationServicesHandler/MODLAUNCHER]: Found transformer services : [mixin,fml]
[1612ŒŽ2025 19:05:05.619] [main/DEBUG] [cpw.mods.modlauncher.TransformationServicesHandler/MODLAUNCHER]: Transformation services loading
[1612ŒŽ2025 19:05:05.619] [main/DEBUG] [cpw.mods.modlauncher.TransformationServiceDecorator/MODLAUNCHER]: Loading service mixin
[1612ŒŽ2025 19:05:05.620] [main/DEBUG] [cpw.mods.modlauncher.TransformationServiceDecorator/MODLAUNCHER]: Loaded service mixin
[1612ŒŽ2025 19:05:05.620] [main/DEBUG] [cpw.mods.modlauncher.TransformationServiceDecorator/MODLAUNCHER]: Loading service fml
[1612ŒŽ2025 19:05:05.621] [main/DEBUG] [net.minecraftforge.fml.loading.LauncherVersion/CORE]: Found FMLLauncher version 1.0
[1612ŒŽ2025 19:05:05.621] [main/DEBUG] [net.minecraftforge.fml.loading.FMLLoader/CORE]: FML 1.0 loading
[1612ŒŽ2025 19:05:05.621] [main/DEBUG] [net.minecraftforge.fml.loading.FMLLoader/CORE]: FML found ModLauncher version : 10.0.9+10.0.9+main.dcd20f30
[1612ŒŽ2025 19:05:05.622] [main/DEBUG] [net.minecraftforge.fml.loading.FMLLoader/CORE]: FML found AccessTransformer version : 8.0.4+66+master.c09db6d7
[1612ŒŽ2025 19:05:05.622] [main/DEBUG] [net.minecraftforge.fml.loading.FMLLoader/CORE]: FML found EventBus version : 6.0.5+6.0.5+master.eb8e549b
[1612ŒŽ2025 19:05:05.622] [main/DEBUG] [net.minecraftforge.fml.loading.FMLLoader/CORE]: Found Runtime Dist Cleaner
[1612ŒŽ2025 19:05:05.624] [main/DEBUG] [net.minecraftforge.fml.loading.FMLLoader/CORE]: FML found CoreMod version : 5.1.6
[1612ŒŽ2025 19:05:05.624] [main/DEBUG] [net.minecraftforge.fml.loading.FMLLoader/CORE]: Found ForgeSPI package implementation version 7.0.1+7.0.1+master.d2b38bf6
[1612ŒŽ2025 19:05:05.624] [main/DEBUG] [net.minecraftforge.fml.loading.FMLLoader/CORE]: Found ForgeSPI package specification 5
[1612ŒŽ2025 19:05:05.624] [main/DEBUG] [cpw.mods.modlauncher.TransformationServiceDecorator/MODLAUNCHER]: Loaded service fml
[1612ŒŽ2025 19:05:05.626] [main/DEBUG] [cpw.mods.modlauncher.TransformationServicesHandler/MODLAUNCHER]: Configuring option handling for services
[1612ŒŽ2025 19:05:05.632] [main/DEBUG] [cpw.mods.modlauncher.TransformationServicesHandler/MODLAUNCHER]: Transformation services initializing
[1612ŒŽ2025 19:05:05.633] [main/DEBUG] [cpw.mods.modlauncher.TransformationServiceDecorator/MODLAUNCHER]: Initializing transformation service mixin
[1612ŒŽ2025 19:05:05.644] [main/DEBUG] [mixin/]: MixinService [ModLauncher] was successfully booted in cpw.mods.cl.ModuleClassLoader@13e39c73
[1612ŒŽ2025 19:05:05.655] [main/INFO] [mixin/]: SpongePowered MIXIN Subsystem Version=0.8.5 Source=union:/C:/Users/kai10/.gradle/caches/modules-2/files-2.1/org.spongepowered/mixin/0.8.5/9d1c0c3a304ae6697ecd477218fa61b850bf57fc/mixin-0.8.5.jar%23128!/ Service=ModLauncher Env=CLIENT
[1612ŒŽ2025 19:05:05.658] [main/DEBUG] [mixin/]: Initialising Mixin Platform Manager
[1612ŒŽ2025 19:05:05.658] [main/DEBUG] [mixin/]: Adding mixin platform agents for container ModLauncher Root Container(ModLauncher:4f56a0a2)
[1612ŒŽ2025 19:05:05.659] [main/DEBUG] [mixin/]: Instancing new MixinPlatformAgentMinecraftForge for ModLauncher Root Container(ModLauncher:4f56a0a2)
[1612ŒŽ2025 19:05:05.659] [main/DEBUG] [mixin/]: MixinPlatformAgentMinecraftForge rejected container ModLauncher Root Container(ModLauncher:4f56a0a2)
[1612ŒŽ2025 19:05:05.659] [main/DEBUG] [mixin/]: Instancing new MixinPlatformAgentDefault for ModLauncher Root Container(ModLauncher:4f56a0a2)
[1612ŒŽ2025 19:05:05.660] [main/DEBUG] [mixin/]: MixinPlatformAgentDefault accepted container ModLauncher Root Container(ModLauncher:4f56a0a2)
[1612ŒŽ2025 19:05:05.661] [main/DEBUG] [cpw.mods.modlauncher.TransformationServiceDecorator/MODLAUNCHER]: Initialized transformation service mixin
[1612ŒŽ2025 19:05:05.661] [main/DEBUG] [cpw.mods.modlauncher.TransformationServiceDecorator/MODLAUNCHER]: Initializing transformation service fml
[1612ŒŽ2025 19:05:05.661] [main/DEBUG] [net.minecraftforge.fml.loading.FMLServiceProvider/CORE]: Setting up basic FML game directories
[1612ŒŽ2025 19:05:05.661] [main/DEBUG] [net.minecraftforge.fml.loading.FMLPaths/CORE]: Path GAMEDIR is C:\Users\kai10\main\forge\ReFlansStarForge\run-data
[1612ŒŽ2025 19:05:05.662] [main/DEBUG] [net.minecraftforge.fml.loading.FMLPaths/CORE]: Path MODSDIR is C:\Users\kai10\main\forge\ReFlansStarForge\run-data\mods
[1612ŒŽ2025 19:05:05.662] [main/DEBUG] [net.minecraftforge.fml.loading.FMLPaths/CORE]: Path CONFIGDIR is C:\Users\kai10\main\forge\ReFlansStarForge\run-data\config
[1612ŒŽ2025 19:05:05.662] [main/DEBUG] [net.minecraftforge.fml.loading.FMLPaths/CORE]: Path FMLCONFIG is C:\Users\kai10\main\forge\ReFlansStarForge\run-data\config\fml.toml
[1612ŒŽ2025 19:05:05.662] [main/DEBUG] [net.minecraftforge.fml.loading.FMLServiceProvider/CORE]: Loading configuration
[1612ŒŽ2025 19:05:05.666] [main/DEBUG] [net.minecraftforge.fml.loading.FMLServiceProvider/CORE]: Preparing ModFile
[1612ŒŽ2025 19:05:05.668] [main/DEBUG] [net.minecraftforge.fml.loading.FMLServiceProvider/CORE]: Preparing launch handler
[1612ŒŽ2025 19:05:05.668] [main/DEBUG] [net.minecraftforge.fml.loading.FMLLoader/CORE]: Using forgedatauserdev as launch service
[1612ŒŽ2025 19:05:05.677] [main/DEBUG] [net.minecraftforge.fml.loading.FMLLoader/CORE]: Received command line version data  : VersionInfo[forgeVersion=47.3.0, mcVersion=1.20.1, mcpVersion=20230612.114412, forgeGroup=net.minecraftforge]
[1612ŒŽ2025 19:05:05.679] [main/DEBUG] [cpw.mods.modlauncher.TransformationServiceDecorator/MODLAUNCHER]: Initialized transformation service fml
[1612ŒŽ2025 19:05:05.679] [main/DEBUG] [cpw.mods.modlauncher.NameMappingServiceHandler/MODLAUNCHER]: Current naming domain is 'mcp'
[1612ŒŽ2025 19:05:05.680] [main/DEBUG] [cpw.mods.modlauncher.NameMappingServiceHandler/MODLAUNCHER]: Identified name mapping providers {srg=srgtomcp:1234}
[1612ŒŽ2025 19:05:05.680] [main/DEBUG] [cpw.mods.modlauncher.TransformationServicesHandler/MODLAUNCHER]: Transformation services begin scanning
[1612ŒŽ2025 19:05:05.681] [main/DEBUG] [cpw.mods.modlauncher.TransformationServiceDecorator/MODLAUNCHER]: Beginning scan trigger - transformation service mixin
[1612ŒŽ2025 19:05:05.681] [main/DEBUG] [cpw.mods.modlauncher.TransformationServiceDecorator/MODLAUNCHER]: End scan trigger - transformation service mixin
[1612ŒŽ2025 19:05:05.681] [main/DEBUG] [cpw.mods.modlauncher.TransformationServiceDecorator/MODLAUNCHER]: Beginning scan trigger - transformation service fml
[1612ŒŽ2025 19:05:05.681] [main/DEBUG] [net.minecraftforge.fml.loading.FMLServiceProvider/CORE]: Initiating mod scan
[1612ŒŽ2025 19:05:05.684] [main/DEBUG] [net.minecraftforge.fml.loading.moddiscovery.ModListHandler/CORE]: Found mod coordinates from lists: []
[1612ŒŽ2025 19:05:05.684] [main/DEBUG] [net.minecraftforge.fml.loading.moddiscovery.ModDiscoverer/CORE]: Found Mod Locators : (mods folder:null),(maven libs:null),(exploded directory:null),(minecraft:null),(userdev classpath:null)
[1612ŒŽ2025 19:05:05.684] [main/DEBUG] [net.minecraftforge.fml.loading.moddiscovery.ModDiscoverer/CORE]: Found Dependency Locators : (JarInJar:null)
[1612ŒŽ2025 19:05:05.695] [main/DEBUG] [net.minecraftforge.fml.loading.targets.CommonLaunchHandler/CORE]: Got mod coordinates flans_star_forge%%C:\Users\kai10\main\forge\ReFlansStarForge\build\resources\main;flans_star_forge%%C:\Users\kai10\main\forge\ReFlansStarForge\build\classes\java\main from env
[1612ŒŽ2025 19:05:05.697] [main/DEBUG] [net.minecraftforge.fml.loading.targets.CommonLaunchHandler/CORE]: Found supplied mod coordinates [{flans_star_forge=[C:\Users\kai10\main\forge\ReFlansStarForge\build\resources\main, C:\Users\kai10\main\forge\ReFlansStarForge\build\classes\java\main]}]
[1612ŒŽ2025 19:05:05.874] [main/DEBUG] [net.minecraftforge.fml.loading.moddiscovery.ModFileInfo/LOADING]: Found valid mod file forge-1.20.1-47.3.0_mapped_official_1.20.1-recomp.jar with {minecraft} mods - versions {1.20.1}
[1612ŒŽ2025 19:05:05.883] [main/DEBUG] [net.minecraftforge.fml.loading.moddiscovery.ModFileParser/LOADING]: Considering mod file candidate C:\Users\kai10\.gradle\caches\modules-2\files-2.1\net.minecraftforge\javafmllanguage\1.20.1-47.3.0\d7ebc62120f202109e300e084ca1a31a7b946a62\javafmllanguage-1.20.1-47.3.0.jar
[1612ŒŽ2025 19:05:05.884] [main/WARN] [net.minecraftforge.fml.loading.moddiscovery.ModFileParser/LOADING]: Mod file C:\Users\kai10\.gradle\caches\modules-2\files-2.1\net.minecraftforge\javafmllanguage\1.20.1-47.3.0\d7ebc62120f202109e300e084ca1a31a7b946a62\javafmllanguage-1.20.1-47.3.0.jar is missing mods.toml file
[1612ŒŽ2025 19:05:05.885] [main/DEBUG] [net.minecraftforge.fml.loading.moddiscovery.ModFileParser/LOADING]: Considering mod file candidate C:\Users\kai10\.gradle\caches\modules-2\files-2.1\net.minecraftforge\lowcodelanguage\1.20.1-47.3.0\1bf3e845ea0ce750096da8c71c8364b188ab74d4\lowcodelanguage-1.20.1-47.3.0.jar
[1612ŒŽ2025 19:05:05.885] [main/WARN] [net.minecraftforge.fml.loading.moddiscovery.ModFileParser/LOADING]: Mod file C:\Users\kai10\.gradle\caches\modules-2\files-2.1\net.minecraftforge\lowcodelanguage\1.20.1-47.3.0\1bf3e845ea0ce750096da8c71c8364b188ab74d4\lowcodelanguage-1.20.1-47.3.0.jar is missing mods.toml file
[1612ŒŽ2025 19:05:05.888] [main/DEBUG] [net.minecraftforge.fml.loading.moddiscovery.ModFileParser/LOADING]: Considering mod file candidate C:\Users\kai10\.gradle\caches\modules-2\files-2.1\net.minecraftforge\mclanguage\1.20.1-47.3.0\6093682e943ddccbabf70539319d7f2fe64db2e7\mclanguage-1.20.1-47.3.0.jar
[1612ŒŽ2025 19:05:05.888] [main/WARN] [net.minecraftforge.fml.loading.moddiscovery.ModFileParser/LOADING]: Mod file C:\Users\kai10\.gradle\caches\modules-2\files-2.1\net.minecraftforge\mclanguage\1.20.1-47.3.0\6093682e943ddccbabf70539319d7f2fe64db2e7\mclanguage-1.20.1-47.3.0.jar is missing mods.toml file
[1612ŒŽ2025 19:05:05.888] [main/DEBUG] [net.minecraftforge.fml.loading.moddiscovery.ModFileParser/LOADING]: Considering mod file candidate C:\Users\kai10\.gradle\caches\modules-2\files-2.1\net.minecraftforge\fmlcore\1.20.1-47.3.0\3b6be96aba3e323f3c918e8ef6a96312d82d76ad\fmlcore-1.20.1-47.3.0.jar
[1612ŒŽ2025 19:05:05.888] [main/WARN] [net.minecraftforge.fml.loading.moddiscovery.ModFileParser/LOADING]: Mod file C:\Users\kai10\.gradle\caches\modules-2\files-2.1\net.minecraftforge\fmlcore\1.20.1-47.3.0\3b6be96aba3e323f3c918e8ef6a96312d82d76ad\fmlcore-1.20.1-47.3.0.jar is missing mods.toml file
[1612ŒŽ2025 19:05:05.893] [main/DEBUG] [net.minecraftforge.fml.loading.moddiscovery.ModFileParser/LOADING]: Considering mod file candidate C:\Users\kai10\main\forge\ReFlansStarForge\build\resources\main
[1612ŒŽ2025 19:05:05.894] [main/DEBUG] [net.minecraftforge.fml.loading.moddiscovery.ModFileInfo/LOADING]: Found valid mod file main with {flans_star_forge} mods - versions {1.20.1-alpha0.1b-forge}
[1612ŒŽ2025 19:05:05.900] [main/DEBUG] [net.minecraftforge.fml.loading.moddiscovery.ModFileParser/LOADING]: Considering mod file candidate /
[1612ŒŽ2025 19:05:05.903] [main/DEBUG] [net.minecraftforge.fml.loading.moddiscovery.ModFileInfo/LOADING]: Found valid mod file  with {forge} mods - versions {47.3.0}
[1612ŒŽ2025 19:05:05.914] [main/DEBUG] [net.minecraftforge.fml.loading.moddiscovery.ModFileParser/LOADING]: Considering mod file candidate C:\Users\kai10\.gradle\caches\forge_gradle\deobf_dependencies\curse\maven\jei-238222\6075247_mapped_official_1.20.1\jei-238222-6075247_mapped_official_1.20.1.jar
[1612ŒŽ2025 19:05:05.914] [main/DEBUG] [net.minecraftforge.fml.loading.moddiscovery.ModFileInfo/LOADING]: Found valid mod file jei-238222-6075247_mapped_official_1.20.1.jar with {jei} mods - versions {15.20.0.106}
[1612ŒŽ2025 19:05:05.919] [main/DEBUG] [net.minecraftforge.fml.loading.moddiscovery.ModFileParser/LOADING]: Considering mod file candidate C:\Users\kai10\.gradle\caches\forge_gradle\deobf_dependencies\curse\maven\jade-324717\6106101_mapped_official_1.20.1\jade-324717-6106101_mapped_official_1.20.1.jar
[1612ŒŽ2025 19:05:05.919] [main/DEBUG] [net.minecraftforge.fml.loading.moddiscovery.ModFileInfo/LOADING]: Found valid mod file jade-324717-6106101_mapped_official_1.20.1.jar with {jade} mods - versions {11.12.3+forge}
[1612ŒŽ2025 19:05:05.923] [main/DEBUG] [net.minecraftforge.fml.loading.moddiscovery.ModFileParser/LOADING]: Considering mod file candidate C:\Users\kai10\.gradle\caches\forge_gradle\deobf_dependencies\curse\maven\appleskin-248787\4770828_mapped_official_1.20.1\appleskin-248787-4770828_mapped_official_1.20.1.jar
[1612ŒŽ2025 19:05:05.924] [main/DEBUG] [net.minecraftforge.fml.loading.moddiscovery.ModFileInfo/LOADING]: Found valid mod file appleskin-248787-4770828_mapped_official_1.20.1.jar with {appleskin} mods - versions {2.5.1+mc1.20.1}
[1612ŒŽ2025 19:05:05.925] [main/DEBUG] [net.minecraftforge.fml.loading.moddiscovery.ModFileParser/LOADING]: Considering mod file candidate C:\Users\kai10\.gradle\caches\forge_gradle\deobf_dependencies\curse\maven\collective-342584\6429218_mapped_official_1.20.1\collective-342584-6429218_mapped_official_1.20.1.jar
[1612ŒŽ2025 19:05:05.925] [main/DEBUG] [net.minecraftforge.fml.loading.moddiscovery.ModFileInfo/LOADING]: Found valid mod file collective-342584-6429218_mapped_official_1.20.1.jar with {collective} mods - versions {8.3}
[1612ŒŽ2025 19:05:05.925] [main/DEBUG] [net.minecraftforge.fml.loading.moddiscovery.ModFileParser/LOADING]: Considering mod file candidate C:\Users\kai10\.gradle\caches\forge_gradle\deobf_dependencies\curse\maven\full-brightness-toggle-391656\6185948_mapped_official_1.20.1\full-brightness-toggle-391656-6185948_mapped_official_1.20.1.jar
[1612ŒŽ2025 19:05:05.925] [main/DEBUG] [net.minecraftforge.fml.loading.moddiscovery.ModFileInfo/LOADING]: Found valid mod file full-brightness-toggle-391656-6185948_mapped_official_1.20.1.jar with {fullbrightnesstoggle} mods - versions {4.3}
[1612ŒŽ2025 19:05:05.930] [main/DEBUG] [net.minecraftforge.fml.loading.moddiscovery.ModFileParser/LOADING]: Considering mod file candidate C:\Users\kai10\.gradle\caches\forge_gradle\deobf_dependencies\software\bernie\geckolib\geckolib-forge-1.20.1\4.7.1.1_mapped_official_1.20.1\geckolib-forge-1.20.1-4.7.1.1_mapped_official_1.20.1.jar
[1612ŒŽ2025 19:05:05.930] [main/DEBUG] [net.minecraftforge.fml.loading.moddiscovery.ModFileInfo/LOADING]: Found valid mod file geckolib-forge-1.20.1-4.7.1.1_mapped_official_1.20.1.jar with {geckolib} mods - versions {4.7.1.1}
[1612ŒŽ2025 19:05:05.936] [main/DEBUG] [net.minecraftforge.fml.loading.moddiscovery.ModFileParser/LOADING]: Considering mod file candidate C:\Users\kai10\.gradle\caches\forge_gradle\deobf_dependencies\curse\maven\mekanism-268560\6552911_mapped_official_1.20.1\mekanism-268560-6552911_mapped_official_1.20.1.jar
[1612ŒŽ2025 19:05:05.936] [main/DEBUG] [net.minecraftforge.fml.loading.moddiscovery.ModFileInfo/LOADING]: Found valid mod file mekanism-268560-6552911_mapped_official_1.20.1.jar with {mekanism} mods - versions {10.4.16}
[1612ŒŽ2025 19:05:05.936] [main/DEBUG] [net.minecraftforge.fml.loading.moddiscovery.ModFileParser/LOADING]: Considering mod file candidate C:\Users\kai10\.gradle\caches\forge_gradle\deobf_dependencies\curse\maven\mekanism-tools-268567\6552915_mapped_official_1.20.1\mekanism-tools-268567-6552915_mapped_official_1.20.1.jar
[1612ŒŽ2025 19:05:05.936] [main/DEBUG] [net.minecraftforge.fml.loading.moddiscovery.ModFileInfo/LOADING]: Found valid mod file mekanism-tools-268567-6552915_mapped_official_1.20.1.jar with {mekanismtools} mods - versions {10.4.16}
[1612ŒŽ2025 19:05:05.936] [main/DEBUG] [net.minecraftforge.fml.loading.moddiscovery.ModFileParser/LOADING]: Considering mod file candidate C:\Users\kai10\.gradle\caches\forge_gradle\deobf_dependencies\curse\maven\mekanism-generators-268566\6552914_mapped_official_1.20.1\mekanism-generators-268566-6552914_mapped_official_1.20.1.jar
[1612ŒŽ2025 19:05:05.936] [main/DEBUG] [net.minecraftforge.fml.loading.moddiscovery.ModFileInfo/LOADING]: Found valid mod file mekanism-generators-268566-6552914_mapped_official_1.20.1.jar with {mekanismgenerators} mods - versions {10.4.16}
[1612ŒŽ2025 19:05:05.943] [main/DEBUG] [net.minecraftforge.fml.loading.moddiscovery.ModFileParser/LOADING]: Considering mod file candidate C:\Users\kai10\.gradle\caches\forge_gradle\deobf_dependencies\curse\maven\mekanism-additions-345425\6552913_mapped_official_1.20.1\mekanism-additions-345425-6552913_mapped_official_1.20.1.jar
[1612ŒŽ2025 19:05:05.944] [main/DEBUG] [net.minecraftforge.fml.loading.moddiscovery.ModFileInfo/LOADING]: Found valid mod file mekanism-additions-345425-6552913_mapped_official_1.20.1.jar with {mekanismadditions} mods - versions {10.4.16}
[1612ŒŽ2025 19:05:05.945] [main/DEBUG] [net.minecraftforge.fml.loading.moddiscovery.ModFileParser/LOADING]: Considering mod file candidate C:\Users\kai10\.gradle\caches\forge_gradle\deobf_dependencies\curse\maven\flansknowledgelib-1336263\7041257_mapped_official_1.20.1\flansknowledgelib-1336263-7041257_mapped_official_1.20.1.jar
[1612ŒŽ2025 19:05:05.945] [main/DEBUG] [net.minecraftforge.fml.loading.moddiscovery.ModFileInfo/LOADING]: Found valid mod file flansknowledgelib-1336263-7041257_mapped_official_1.20.1.jar with {flans_knowledge_lib} mods - versions {1.20.1-release1.2a}
[1612ŒŽ2025 19:05:05.947] [main/DEBUG] [net.minecraftforge.fml.loading.moddiscovery.ModFileParser/LOADING]: Considering mod file candidate C:\Users\kai10\.gradle\caches\forge_gradle\deobf_dependencies\curse\maven\re-avaritia-623969\6958116_mapped_official_1.20.1\re-avaritia-623969-6958116_mapped_official_1.20.1.jar
[1612ŒŽ2025 19:05:05.949] [main/DEBUG] [net.minecraftforge.fml.loading.moddiscovery.ModFileInfo/LOADING]: Found valid mod file re-avaritia-623969-6958116_mapped_official_1.20.1.jar with {avaritia} mods - versions {1.3.9.1}
[1612ŒŽ2025 19:05:05.951] [main/DEBUG] [net.minecraftforge.fml.loading.moddiscovery.ModFileParser/LOADING]: Considering mod file candidate C:\Users\kai10\.gradle\caches\forge_gradle\deobf_dependencies\curse\maven\jei-238222\6075247_mapped_official_1.20.1\jei-238222-6075247_mapped_official_1.20.1.jar
[1612ŒŽ2025 19:05:05.951] [main/DEBUG] [net.minecraftforge.fml.loading.moddiscovery.ModFileInfo/LOADING]: Found valid mod file jei-238222-6075247_mapped_official_1.20.1.jar with {jei} mods - versions {15.20.0.106}
[1612ŒŽ2025 19:05:05.953] [main/DEBUG] [net.minecraftforge.fml.loading.moddiscovery.ModFileParser/LOADING]: Considering mod file candidate C:\Users\kai10\.gradle\caches\forge_gradle\deobf_dependencies\curse\maven\jade-324717\6106101_mapped_official_1.20.1\jade-324717-6106101_mapped_official_1.20.1.jar
[1612ŒŽ2025 19:05:05.954] [main/DEBUG] [net.minecraftforge.fml.loading.moddiscovery.ModFileInfo/LOADING]: Found valid mod file jade-324717-6106101_mapped_official_1.20.1.jar with {jade} mods - versions {11.12.3+forge}
[1612ŒŽ2025 19:05:05.956] [main/DEBUG] [net.minecraftforge.fml.loading.moddiscovery.ModFileParser/LOADING]: Considering mod file candidate C:\Users\kai10\.gradle\caches\forge_gradle\deobf_dependencies\curse\maven\appleskin-248787\4770828_mapped_official_1.20.1\appleskin-248787-4770828_mapped_official_1.20.1.jar
[1612ŒŽ2025 19:05:05.958] [main/DEBUG] [net.minecraftforge.fml.loading.moddiscovery.ModFileInfo/LOADING]: Found valid mod file appleskin-248787-4770828_mapped_official_1.20.1.jar with {appleskin} mods - versions {2.5.1+mc1.20.1}
[1612ŒŽ2025 19:05:05.958] [main/DEBUG] [net.minecraftforge.fml.loading.moddiscovery.ModFileParser/LOADING]: Considering mod file candidate C:\Users\kai10\.gradle\caches\forge_gradle\deobf_dependencies\curse\maven\collective-342584\6429218_mapped_official_1.20.1\collective-342584-6429218_mapped_official_1.20.1.jar
[1612ŒŽ2025 19:05:05.958] [main/DEBUG] [net.minecraftforge.fml.loading.moddiscovery.ModFileInfo/LOADING]: Found valid mod file collective-342584-6429218_mapped_official_1.20.1.jar with {collective} mods - versions {8.3}
[1612ŒŽ2025 19:05:05.958] [main/DEBUG] [net.minecraftforge.fml.loading.moddiscovery.ModFileParser/LOADING]: Considering mod file candidate C:\Users\kai10\.gradle\caches\forge_gradle\deobf_dependencies\curse\maven\full-brightness-toggle-391656\6185948_mapped_official_1.20.1\full-brightness-toggle-391656-6185948_mapped_official_1.20.1.jar
[1612ŒŽ2025 19:05:05.958] [main/DEBUG] [net.minecraftforge.fml.loading.moddiscovery.ModFileInfo/LOADING]: Found valid mod file full-brightness-toggle-391656-6185948_mapped_official_1.20.1.jar with {fullbrightnesstoggle} mods - versions {4.3}
[1612ŒŽ2025 19:05:05.964] [main/DEBUG] [net.minecraftforge.fml.loading.moddiscovery.ModFileParser/LOADING]: Considering mod file candidate C:\Users\kai10\.gradle\caches\forge_gradle\deobf_dependencies\software\bernie\geckolib\geckolib-forge-1.20.1\4.7.1.1_mapped_official_1.20.1\geckolib-forge-1.20.1-4.7.1.1_mapped_official_1.20.1.jar
[1612ŒŽ2025 19:05:05.964] [main/DEBUG] [net.minecraftforge.fml.loading.moddiscovery.ModFileInfo/LOADING]: Found valid mod file geckolib-forge-1.20.1-4.7.1.1_mapped_official_1.20.1.jar with {geckolib} mods - versions {4.7.1.1}
[1612ŒŽ2025 19:05:05.973] [main/DEBUG] [net.minecraftforge.fml.loading.moddiscovery.ModFileParser/LOADING]: Considering mod file candidate C:\Users\kai10\.gradle\caches\forge_gradle\deobf_dependencies\curse\maven\mekanism-268560\6552911_mapped_official_1.20.1\mekanism-268560-6552911_mapped_official_1.20.1.jar
[1612ŒŽ2025 19:05:05.973] [main/DEBUG] [net.minecraftforge.fml.loading.moddiscovery.ModFileInfo/LOADING]: Found valid mod file mekanism-268560-6552911_mapped_official_1.20.1.jar with {mekanism} mods - versions {10.4.16}
[1612ŒŽ2025 19:05:05.974] [main/DEBUG] [net.minecraftforge.fml.loading.moddiscovery.ModFileParser/LOADING]: Considering mod file candidate C:\Users\kai10\.gradle\caches\forge_gradle\deobf_dependencies\curse\maven\mekanism-tools-268567\6552915_mapped_official_1.20.1\mekanism-tools-268567-6552915_mapped_official_1.20.1.jar
[1612ŒŽ2025 19:05:05.974] [main/DEBUG] [net.minecraftforge.fml.loading.moddiscovery.ModFileInfo/LOADING]: Found valid mod file mekanism-tools-268567-6552915_mapped_official_1.20.1.jar with {mekanismtools} mods - versions {10.4.16}
[1612ŒŽ2025 19:05:05.974] [main/DEBUG] [net.minecraftforge.fml.loading.moddiscovery.ModFileParser/LOADING]: Considering mod file candidate C:\Users\kai10\.gradle\caches\forge_gradle\deobf_dependencies\curse\maven\mekanism-generators-268566\6552914_mapped_official_1.20.1\mekanism-generators-268566-6552914_mapped_official_1.20.1.jar
[1612ŒŽ2025 19:05:05.974] [main/DEBUG] [net.minecraftforge.fml.loading.moddiscovery.ModFileInfo/LOADING]: Found valid mod file mekanism-generators-268566-6552914_mapped_official_1.20.1.jar with {mekanismgenerators} mods - versions {10.4.16}
[1612ŒŽ2025 19:05:05.974] [main/DEBUG] [net.minecraftforge.fml.loading.moddiscovery.ModFileParser/LOADING]: Considering mod file candidate C:\Users\kai10\.gradle\caches\forge_gradle\deobf_dependencies\curse\maven\mekanism-additions-345425\6552913_mapped_official_1.20.1\mekanism-additions-345425-6552913_mapped_official_1.20.1.jar
[1612ŒŽ2025 19:05:05.974] [main/DEBUG] [net.minecraftforge.fml.loading.moddiscovery.ModFileInfo/LOADING]: Found valid mod file mekanism-additions-345425-6552913_mapped_official_1.20.1.jar with {mekanismadditions} mods - versions {10.4.16}
[1612ŒŽ2025 19:05:05.974] [main/DEBUG] [net.minecraftforge.fml.loading.moddiscovery.ModFileParser/LOADING]: Considering mod file candidate C:\Users\kai10\.gradle\caches\forge_gradle\deobf_dependencies\curse\maven\flansknowledgelib-1336263\7041257_mapped_official_1.20.1\flansknowledgelib-1336263-7041257_mapped_official_1.20.1.jar
[1612ŒŽ2025 19:05:05.974] [main/DEBUG] [net.minecraftforge.fml.loading.moddiscovery.ModFileInfo/LOADING]: Found valid mod file flansknowledgelib-1336263-7041257_mapped_official_1.20.1.jar with {flans_knowledge_lib} mods - versions {1.20.1-release1.2a}
[1612ŒŽ2025 19:05:05.984] [main/DEBUG] [net.minecraftforge.fml.loading.moddiscovery.ModFileParser/LOADING]: Considering mod file candidate C:\Users\kai10\.gradle\caches\forge_gradle\deobf_dependencies\curse\maven\re-avaritia-623969\6958116_mapped_official_1.20.1\re-avaritia-623969-6958116_mapped_official_1.20.1.jar
[1612ŒŽ2025 19:05:05.984] [main/DEBUG] [net.minecraftforge.fml.loading.moddiscovery.ModFileInfo/LOADING]: Found valid mod file re-avaritia-623969-6958116_mapped_official_1.20.1.jar with {avaritia} mods - versions {1.3.9.1}
[1612ŒŽ2025 19:05:05.984] [main/DEBUG] [net.minecraftforge.fml.loading.UniqueModListBuilder/]: Found 2 mods for first modid fullbrightnesstoggle, selecting most recent based on version data
[1612ŒŽ2025 19:05:05.984] [main/DEBUG] [net.minecraftforge.fml.loading.UniqueModListBuilder/]: Selected file full-brightness-toggle-391656-6185948_mapped_official_1.20.1.jar for modid fullbrightnesstoggle with version 4.3
[1612ŒŽ2025 19:05:05.984] [main/DEBUG] [net.minecraftforge.fml.loading.UniqueModListBuilder/]: Found 2 mods for first modid flans_knowledge_lib, selecting most recent based on version data
[1612ŒŽ2025 19:05:05.984] [main/DEBUG] [net.minecraftforge.fml.loading.UniqueModListBuilder/]: Selected file flansknowledgelib-1336263-7041257_mapped_official_1.20.1.jar for modid flans_knowledge_lib with version 1.20.1-release1.2a
[1612ŒŽ2025 19:05:05.984] [main/DEBUG] [net.minecraftforge.fml.loading.UniqueModListBuilder/]: Found 2 mods for first modid avaritia, selecting most recent based on version data
[1612ŒŽ2025 19:05:05.984] [main/DEBUG] [net.minecraftforge.fml.loading.UniqueModListBuilder/]: Selected file re-avaritia-623969-6958116_mapped_official_1.20.1.jar for modid avaritia with version 1.3.9.1
[1612ŒŽ2025 19:05:05.984] [main/DEBUG] [net.minecraftforge.fml.loading.UniqueModListBuilder/]: Found 2 mods for first modid mekanismadditions, selecting most recent based on version data
[1612ŒŽ2025 19:05:05.984] [main/DEBUG] [net.minecraftforge.fml.loading.UniqueModListBuilder/]: Selected file mekanism-additions-345425-6552913_mapped_official_1.20.1.jar for modid mekanismadditions with version 10.4.16
[1612ŒŽ2025 19:05:05.984] [main/DEBUG] [net.minecraftforge.fml.loading.UniqueModListBuilder/]: Found 2 mods for first modid mekanismtools, selecting most recent based on version data
[1612ŒŽ2025 19:05:05.984] [main/DEBUG] [net.minecraftforge.fml.loading.UniqueModListBuilder/]: Selected file mekanism-tools-268567-6552915_mapped_official_1.20.1.jar for modid mekanismtools with version 10.4.16
[1612ŒŽ2025 19:05:05.984] [main/DEBUG] [net.minecraftforge.fml.loading.UniqueModListBuilder/]: Found 2 mods for first modid jade, selecting most recent based on version data
[1612ŒŽ2025 19:05:05.984] [main/DEBUG] [net.minecraftforge.fml.loading.UniqueModListBuilder/]: Selected file jade-324717-6106101_mapped_official_1.20.1.jar for modid jade with version 11.12.3+forge
[1612ŒŽ2025 19:05:05.984] [main/DEBUG] [net.minecraftforge.fml.loading.UniqueModListBuilder/]: Found 2 mods for first modid geckolib, selecting most recent based on version data
[1612ŒŽ2025 19:05:05.984] [main/DEBUG] [net.minecraftforge.fml.loading.UniqueModListBuilder/]: Selected file geckolib-forge-1.20.1-4.7.1.1_mapped_official_1.20.1.jar for modid geckolib with version 4.7.1.1
[1612ŒŽ2025 19:05:05.984] [main/DEBUG] [net.minecraftforge.fml.loading.UniqueModListBuilder/]: Found 2 mods for first modid appleskin, selecting most recent based on version data
[1612ŒŽ2025 19:05:05.984] [main/DEBUG] [net.minecraftforge.fml.loading.UniqueModListBuilder/]: Selected file appleskin-248787-4770828_mapped_official_1.20.1.jar for modid appleskin with version 2.5.1+mc1.20.1
[1612ŒŽ2025 19:05:05.984] [main/DEBUG] [net.minecraftforge.fml.loading.UniqueModListBuilder/]: Found 2 mods for first modid mekanismgenerators, selecting most recent based on version data
[1612ŒŽ2025 19:05:05.984] [main/DEBUG] [net.minecraftforge.fml.loading.UniqueModListBuilder/]: Selected file mekanism-generators-268566-6552914_mapped_official_1.20.1.jar for modid mekanismgenerators with version 10.4.16
[1612ŒŽ2025 19:05:05.984] [main/DEBUG] [net.minecraftforge.fml.loading.UniqueModListBuilder/]: Found 2 mods for first modid jei, selecting most recent based on version data
[1612ŒŽ2025 19:05:05.984] [main/DEBUG] [net.minecraftforge.fml.loading.UniqueModListBuilder/]: Selected file jei-238222-6075247_mapped_official_1.20.1.jar for modid jei with version 15.20.0.106
[1612ŒŽ2025 19:05:05.984] [main/DEBUG] [net.minecraftforge.fml.loading.UniqueModListBuilder/]: Found 2 mods for first modid mekanism, selecting most recent based on version data
[1612ŒŽ2025 19:05:05.984] [main/DEBUG] [net.minecraftforge.fml.loading.UniqueModListBuilder/]: Selected file mekanism-268560-6552911_mapped_official_1.20.1.jar for modid mekanism with version 10.4.16
[1612ŒŽ2025 19:05:05.984] [main/DEBUG] [net.minecraftforge.fml.loading.UniqueModListBuilder/]: Found 2 mods for first modid collective, selecting most recent based on version data
[1612ŒŽ2025 19:05:05.984] [main/DEBUG] [net.minecraftforge.fml.loading.UniqueModListBuilder/]: Selected file collective-342584-6429218_mapped_official_1.20.1.jar for modid collective with version 8.3
[1612ŒŽ2025 19:05:05.995] [main/DEBUG] [net.minecraftforge.fml.loading.moddiscovery.AbstractJarFileDependencyLocator/]: Failed to load resource META-INF\jarjar\metadata.json from forge-1.20.1-47.3.0_mapped_official_1.20.1-recomp.jar, it does not contain dependency information.
[1612ŒŽ2025 19:05:05.995] [main/DEBUG] [net.minecraftforge.fml.loading.moddiscovery.AbstractJarFileDependencyLocator/]: Failed to load resource META-INF\jarjar\metadata.json from full-brightness-toggle-391656-6185948_mapped_official_1.20.1.jar, it does not contain dependency information.
[1612ŒŽ2025 19:05:05.999] [main/DEBUG] [net.minecraftforge.fml.loading.moddiscovery.AbstractJarFileDependencyLocator/]: Failed to load resource META-INF\jarjar\metadata.json from flansknowledgelib-1336263-7041257_mapped_official_1.20.1.jar, it does not contain dependency information.
[1612ŒŽ2025 19:05:05.999] [main/DEBUG] [net.minecraftforge.fml.loading.moddiscovery.AbstractJarFileDependencyLocator/]: Failed to load resource META-INF\jarjar\metadata.json from mekanism-additions-345425-6552913_mapped_official_1.20.1.jar, it does not contain dependency information.
[1612ŒŽ2025 19:05:05.999] [main/DEBUG] [net.minecraftforge.fml.loading.moddiscovery.AbstractJarFileDependencyLocator/]: Failed to load resource META-INF\jarjar\metadata.json from mekanism-tools-268567-6552915_mapped_official_1.20.1.jar, it does not contain dependency information.
[1612ŒŽ2025 19:05:05.999] [main/DEBUG] [net.minecraftforge.fml.loading.moddiscovery.AbstractJarFileDependencyLocator/]: Failed to load resource META-INF\jarjar\metadata.json from jade-324717-6106101_mapped_official_1.20.1.jar, it does not contain dependency information.
[1612ŒŽ2025 19:05:05.999] [main/DEBUG] [net.minecraftforge.fml.loading.moddiscovery.AbstractJarFileDependencyLocator/]: Failed to load resource META-INF\jarjar\metadata.json from appleskin-248787-4770828_mapped_official_1.20.1.jar, it does not contain dependency information.
[1612ŒŽ2025 19:05:05.999] [main/DEBUG] [net.minecraftforge.fml.loading.moddiscovery.AbstractJarFileDependencyLocator/]: Failed to load resource META-INF\jarjar\metadata.json from mekanism-generators-268566-6552914_mapped_official_1.20.1.jar, it does not contain dependency information.
[1612ŒŽ2025 19:05:05.999] [main/DEBUG] [net.minecraftforge.fml.loading.moddiscovery.AbstractJarFileDependencyLocator/]: Failed to load resource META-INF\jarjar\metadata.json from main, it does not contain dependency information.
[1612ŒŽ2025 19:05:05.999] [main/DEBUG] [net.minecraftforge.fml.loading.moddiscovery.AbstractJarFileDependencyLocator/]: Failed to load resource META-INF\jarjar\metadata.json from jei-238222-6075247_mapped_official_1.20.1.jar, it does not contain dependency information.
[1612ŒŽ2025 19:05:05.999] [main/DEBUG] [net.minecraftforge.fml.loading.moddiscovery.AbstractJarFileDependencyLocator/]: Failed to load resource META-INF\jarjar\metadata.json from mekanism-268560-6552911_mapped_official_1.20.1.jar, it does not contain dependency information.
[1612ŒŽ2025 19:05:05.999] [main/DEBUG] [net.minecraftforge.fml.loading.moddiscovery.AbstractJarFileDependencyLocator/]: Failed to load resource META-INF\jarjar\metadata.json from , it does not contain dependency information.
[1612ŒŽ2025 19:05:05.999] [main/DEBUG] [net.minecraftforge.fml.loading.moddiscovery.AbstractJarFileDependencyLocator/]: Failed to load resource META-INF\jarjar\metadata.json from collective-342584-6429218_mapped_official_1.20.1.jar, it does not contain dependency information.
[1612ŒŽ2025 19:05:05.999] [main/DEBUG] [net.minecraftforge.fml.loading.moddiscovery.AbstractJarFileDependencyLocator/]: Failed to load resource META-INF\jarjar\metadata.json from mclanguage-1.20.1-47.3.0.jar, it does not contain dependency information.
[1612ŒŽ2025 19:05:05.999] [main/DEBUG] [net.minecraftforge.fml.loading.moddiscovery.AbstractJarFileDependencyLocator/]: Failed to load resource META-INF\jarjar\metadata.json from javafmllanguage-1.20.1-47.3.0.jar, it does not contain dependency information.
[1612ŒŽ2025 19:05:05.999] [main/DEBUG] [net.minecraftforge.fml.loading.moddiscovery.AbstractJarFileDependencyLocator/]: Failed to load resource META-INF\jarjar\metadata.json from fmlcore-1.20.1-47.3.0.jar, it does not contain dependency information.
[1612ŒŽ2025 19:05:05.999] [main/DEBUG] [net.minecraftforge.fml.loading.moddiscovery.AbstractJarFileDependencyLocator/]: Failed to load resource META-INF\jarjar\metadata.json from lowcodelanguage-1.20.1-47.3.0.jar, it does not contain dependency information.
[1612ŒŽ2025 19:05:06.033] [main/DEBUG] [net.minecraftforge.fml.loading.moddiscovery.ModFileParser/LOADING]: Considering mod file candidate 
[1612ŒŽ2025 19:05:06.033] [main/DEBUG] [net.minecraftforge.fml.loading.moddiscovery.ModFileInfo/LOADING]: Found valid mod file mixinextras-forge-0.4.1.jar with {mixinextras} mods - versions {0.4.1}
[1612ŒŽ2025 19:05:06.034] [main/DEBUG] [net.minecraftforge.fml.loading.moddiscovery.AbstractJarFileDependencyLocator/]: Failed to load resource META-INF\jarjar\metadata.json from mclib-20.jar, it does not contain dependency information.
[1612ŒŽ2025 19:05:06.034] [main/DEBUG] [net.minecraftforge.fml.loading.moddiscovery.AbstractJarFileDependencyLocator/]: Failed to load resource META-INF\jarjar\metadata.json from MixinExtras-0.4.1.jar, it does not contain dependency information.
[1612ŒŽ2025 19:05:06.064] [main/DEBUG] [net.minecraftforge.fml.loading.moddiscovery.ModFileParser/LOADING]: Considering mod file candidate 
[1612ŒŽ2025 19:05:06.064] [main/DEBUG] [net.minecraftforge.fml.loading.moddiscovery.ModFileInfo/LOADING]: Found valid mod file mixinextras-forge-0.4.1.jar with {mixinextras} mods - versions {0.4.1}
[1612ŒŽ2025 19:05:06.068] [main/INFO] [net.minecraftforge.fml.loading.moddiscovery.JarInJarDependencyLocator/]: Found 3 dependencies adding them to mods collection
[1612ŒŽ2025 19:05:06.068] [main/DEBUG] [net.minecraftforge.fml.loading.moddiscovery.ModFileInfo/LOADING]: Found valid mod file forge-1.20.1-47.3.0_mapped_official_1.20.1-recomp.jar with {minecraft} mods - versions {1.20.1}
[1612ŒŽ2025 19:05:06.068] [main/DEBUG] [net.minecraftforge.fml.loading.moddiscovery.ModFile/LOADING]: Loading mod file C:\Users\kai10\.gradle\caches\forge_gradle\minecraft_user_repo\net\minecraftforge\forge\1.20.1-47.3.0_mapped_official_1.20.1\forge-1.20.1-47.3.0_mapped_official_1.20.1-recomp.jar with languages [LanguageSpec[languageName=minecraft, acceptedVersions=1]]
[1612ŒŽ2025 19:05:06.074] [main/DEBUG] [net.minecraftforge.fml.loading.moddiscovery.ModFileParser/LOADING]: Considering mod file candidate C:\Users\kai10\.gradle\caches\forge_gradle\deobf_dependencies\curse\maven\full-brightness-toggle-391656\6185948_mapped_official_1.20.1\full-brightness-toggle-391656-6185948_mapped_official_1.20.1.jar
[1612ŒŽ2025 19:05:06.075] [main/DEBUG] [net.minecraftforge.fml.loading.moddiscovery.ModFileInfo/LOADING]: Found valid mod file full-brightness-toggle-391656-6185948_mapped_official_1.20.1.jar with {fullbrightnesstoggle} mods - versions {4.3}
[1612ŒŽ2025 19:05:06.075] [main/DEBUG] [net.minecraftforge.fml.loading.moddiscovery.ModFile/LOADING]: Loading mod file C:\Users\kai10\.gradle\caches\forge_gradle\deobf_dependencies\curse\maven\full-brightness-toggle-391656\6185948_mapped_official_1.20.1\full-brightness-toggle-391656-6185948_mapped_official_1.20.1.jar with languages [LanguageSpec[languageName=javafml, acceptedVersions=*]]
[1612ŒŽ2025 19:05:06.075] [main/DEBUG] [net.minecraftforge.fml.loading.moddiscovery.ModFileParser/LOADING]: Considering mod file candidate C:\Users\kai10\.gradle\caches\forge_gradle\deobf_dependencies\curse\maven\flansknowledgelib-1336263\7041257_mapped_official_1.20.1\flansknowledgelib-1336263-7041257_mapped_official_1.20.1.jar
[1612ŒŽ2025 19:05:06.075] [main/DEBUG] [net.minecraftforge.fml.loading.moddiscovery.ModFileInfo/LOADING]: Found valid mod file flansknowledgelib-1336263-7041257_mapped_official_1.20.1.jar with {flans_knowledge_lib} mods - versions {1.20.1-release1.2a}
[1612ŒŽ2025 19:05:06.075] [main/DEBUG] [net.minecraftforge.fml.loading.moddiscovery.ModFile/LOADING]: Loading mod file C:\Users\kai10\.gradle\caches\forge_gradle\deobf_dependencies\curse\maven\flansknowledgelib-1336263\7041257_mapped_official_1.20.1\flansknowledgelib-1336263-7041257_mapped_official_1.20.1.jar with languages [LanguageSpec[languageName=javafml, acceptedVersions=[47,)]]
[1612ŒŽ2025 19:05:06.075] [main/DEBUG] [net.minecraftforge.fml.loading.moddiscovery.ModFileParser/LOADING]: Considering mod file candidate C:\Users\kai10\.gradle\caches\forge_gradle\deobf_dependencies\curse\maven\re-avaritia-623969\6958116_mapped_official_1.20.1\re-avaritia-623969-6958116_mapped_official_1.20.1.jar
[1612ŒŽ2025 19:05:06.075] [main/DEBUG] [net.minecraftforge.fml.loading.moddiscovery.ModFileInfo/LOADING]: Found valid mod file re-avaritia-623969-6958116_mapped_official_1.20.1.jar with {avaritia} mods - versions {1.3.9.1}
[1612ŒŽ2025 19:05:06.075] [main/DEBUG] [net.minecraftforge.fml.loading.moddiscovery.ModFile/LOADING]: Loading mod file C:\Users\kai10\.gradle\caches\forge_gradle\deobf_dependencies\curse\maven\re-avaritia-623969\6958116_mapped_official_1.20.1\re-avaritia-623969-6958116_mapped_official_1.20.1.jar with languages [LanguageSpec[languageName=javafml, acceptedVersions=[46,)]]
[1612ŒŽ2025 19:05:06.075] [main/DEBUG] [net.minecraftforge.fml.loading.moddiscovery.ModFileParser/LOADING]: Considering mod file candidate C:\Users\kai10\.gradle\caches\forge_gradle\deobf_dependencies\curse\maven\jade-324717\6106101_mapped_official_1.20.1\jade-324717-6106101_mapped_official_1.20.1.jar
[1612ŒŽ2025 19:05:06.075] [main/DEBUG] [net.minecraftforge.fml.loading.moddiscovery.ModFileInfo/LOADING]: Found valid mod file jade-324717-6106101_mapped_official_1.20.1.jar with {jade} mods - versions {11.12.3+forge}
[1612ŒŽ2025 19:05:06.075] [main/DEBUG] [net.minecraftforge.fml.loading.moddiscovery.ModFile/LOADING]: Loading mod file C:\Users\kai10\.gradle\caches\forge_gradle\deobf_dependencies\curse\maven\jade-324717\6106101_mapped_official_1.20.1\jade-324717-6106101_mapped_official_1.20.1.jar with languages [LanguageSpec[languageName=javafml, acceptedVersions=[46,)]]
[1612ŒŽ2025 19:05:06.075] [main/DEBUG] [net.minecraftforge.fml.loading.moddiscovery.ModFileParser/LOADING]: Considering mod file candidate C:\Users\kai10\.gradle\caches\forge_gradle\deobf_dependencies\curse\maven\mekanism-tools-268567\6552915_mapped_official_1.20.1\mekanism-tools-268567-6552915_mapped_official_1.20.1.jar
[1612ŒŽ2025 19:05:06.075] [main/DEBUG] [net.minecraftforge.fml.loading.moddiscovery.ModFileInfo/LOADING]: Found valid mod file mekanism-tools-268567-6552915_mapped_official_1.20.1.jar with {mekanismtools} mods - versions {10.4.16}
[1612ŒŽ2025 19:05:06.075] [main/DEBUG] [net.minecraftforge.fml.loading.moddiscovery.ModFile/LOADING]: Loading mod file C:\Users\kai10\.gradle\caches\forge_gradle\deobf_dependencies\curse\maven\mekanism-tools-268567\6552915_mapped_official_1.20.1\mekanism-tools-268567-6552915_mapped_official_1.20.1.jar with languages [LanguageSpec[languageName=javafml, acceptedVersions=[47,)]]
[1612ŒŽ2025 19:05:06.075] [main/DEBUG] [net.minecraftforge.fml.loading.moddiscovery.ModFileParser/LOADING]: Considering mod file candidate C:\Users\kai10\.gradle\caches\forge_gradle\deobf_dependencies\curse\maven\mekanism-additions-345425\6552913_mapped_official_1.20.1\mekanism-additions-345425-6552913_mapped_official_1.20.1.jar
[1612ŒŽ2025 19:05:06.075] [main/DEBUG] [net.minecraftforge.fml.loading.moddiscovery.ModFileInfo/LOADING]: Found valid mod file mekanism-additions-345425-6552913_mapped_official_1.20.1.jar with {mekanismadditions} mods - versions {10.4.16}
[1612ŒŽ2025 19:05:06.075] [main/DEBUG] [net.minecraftforge.fml.loading.moddiscovery.ModFile/LOADING]: Loading mod file C:\Users\kai10\.gradle\caches\forge_gradle\deobf_dependencies\curse\maven\mekanism-additions-345425\6552913_mapped_official_1.20.1\mekanism-additions-345425-6552913_mapped_official_1.20.1.jar with languages [LanguageSpec[languageName=javafml, acceptedVersions=[47,)]]
[1612ŒŽ2025 19:05:06.075] [main/DEBUG] [net.minecraftforge.fml.loading.moddiscovery.ModFileParser/LOADING]: Considering mod file candidate C:\Users\kai10\.gradle\caches\forge_gradle\deobf_dependencies\software\bernie\geckolib\geckolib-forge-1.20.1\4.7.1.1_mapped_official_1.20.1\geckolib-forge-1.20.1-4.7.1.1_mapped_official_1.20.1.jar
[1612ŒŽ2025 19:05:06.075] [main/DEBUG] [net.minecraftforge.fml.loading.moddiscovery.ModFileInfo/LOADING]: Found valid mod file geckolib-forge-1.20.1-4.7.1.1_mapped_official_1.20.1.jar with {geckolib} mods - versions {4.7.1.1}
[1612ŒŽ2025 19:05:06.075] [main/DEBUG] [net.minecraftforge.fml.loading.moddiscovery.ModFile/LOADING]: Loading mod file C:\Users\kai10\.gradle\caches\forge_gradle\deobf_dependencies\software\bernie\geckolib\geckolib-forge-1.20.1\4.7.1.1_mapped_official_1.20.1\geckolib-forge-1.20.1-4.7.1.1_mapped_official_1.20.1.jar with languages [LanguageSpec[languageName=javafml, acceptedVersions=[47,)]]
[1612ŒŽ2025 19:05:06.078] [main/DEBUG] [net.minecraftforge.fml.loading.moddiscovery.ModFileParser/LOADING]: Considering mod file candidate C:\Users\kai10\.gradle\caches\forge_gradle\deobf_dependencies\curse\maven\appleskin-248787\4770828_mapped_official_1.20.1\appleskin-248787-4770828_mapped_official_1.20.1.jar
[1612ŒŽ2025 19:05:06.078] [main/DEBUG] [net.minecraftforge.fml.loading.moddiscovery.ModFileInfo/LOADING]: Found valid mod file appleskin-248787-4770828_mapped_official_1.20.1.jar with {appleskin} mods - versions {2.5.1+mc1.20.1}
[1612ŒŽ2025 19:05:06.078] [main/DEBUG] [net.minecraftforge.fml.loading.moddiscovery.ModFile/LOADING]: Loading mod file C:\Users\kai10\.gradle\caches\forge_gradle\deobf_dependencies\curse\maven\appleskin-248787\4770828_mapped_official_1.20.1\appleskin-248787-4770828_mapped_official_1.20.1.jar with languages [LanguageSpec[languageName=javafml, acceptedVersions=[47,)]]
[1612ŒŽ2025 19:05:06.078] [main/DEBUG] [net.minecraftforge.fml.loading.moddiscovery.ModFileParser/LOADING]: Considering mod file candidate C:\Users\kai10\main\forge\ReFlansStarForge\build\resources\main
[1612ŒŽ2025 19:05:06.078] [main/DEBUG] [net.minecraftforge.fml.loading.moddiscovery.ModFileInfo/LOADING]: Found valid mod file main with {flans_star_forge} mods - versions {1.20.1-alpha0.1b-forge}
[1612ŒŽ2025 19:05:06.078] [main/DEBUG] [net.minecraftforge.fml.loading.moddiscovery.ModFile/LOADING]: Loading mod file C:\Users\kai10\main\forge\ReFlansStarForge\build\resources\main with languages [LanguageSpec[languageName=javafml, acceptedVersions=[47,)]]
[1612ŒŽ2025 19:05:06.078] [main/DEBUG] [net.minecraftforge.fml.loading.moddiscovery.ModFileParser/LOADING]: Considering mod file candidate C:\Users\kai10\.gradle\caches\forge_gradle\deobf_dependencies\curse\maven\mekanism-generators-268566\6552914_mapped_official_1.20.1\mekanism-generators-268566-6552914_mapped_official_1.20.1.jar
[1612ŒŽ2025 19:05:06.080] [main/DEBUG] [net.minecraftforge.fml.loading.moddiscovery.ModFileInfo/LOADING]: Found valid mod file mekanism-generators-268566-6552914_mapped_official_1.20.1.jar with {mekanismgenerators} mods - versions {10.4.16}
[1612ŒŽ2025 19:05:06.080] [main/DEBUG] [net.minecraftforge.fml.loading.moddiscovery.ModFile/LOADING]: Loading mod file C:\Users\kai10\.gradle\caches\forge_gradle\deobf_dependencies\curse\maven\mekanism-generators-268566\6552914_mapped_official_1.20.1\mekanism-generators-268566-6552914_mapped_official_1.20.1.jar with languages [LanguageSpec[languageName=javafml, acceptedVersions=[47,)]]
[1612ŒŽ2025 19:05:06.080] [main/DEBUG] [net.minecraftforge.fml.loading.moddiscovery.ModFileParser/LOADING]: Considering mod file candidate C:\Users\kai10\.gradle\caches\forge_gradle\deobf_dependencies\curse\maven\jei-238222\6075247_mapped_official_1.20.1\jei-238222-6075247_mapped_official_1.20.1.jar
[1612ŒŽ2025 19:05:06.080] [main/DEBUG] [net.minecraftforge.fml.loading.moddiscovery.ModFileInfo/LOADING]: Found valid mod file jei-238222-6075247_mapped_official_1.20.1.jar with {jei} mods - versions {15.20.0.106}
[1612ŒŽ2025 19:05:06.080] [main/DEBUG] [net.minecraftforge.fml.loading.moddiscovery.ModFile/LOADING]: Loading mod file C:\Users\kai10\.gradle\caches\forge_gradle\deobf_dependencies\curse\maven\jei-238222\6075247_mapped_official_1.20.1\jei-238222-6075247_mapped_official_1.20.1.jar with languages [LanguageSpec[languageName=javafml, acceptedVersions=[47,)]]
[1612ŒŽ2025 19:05:06.080] [main/DEBUG] [net.minecraftforge.fml.loading.moddiscovery.ModFileParser/LOADING]: Considering mod file candidate C:\Users\kai10\.gradle\caches\forge_gradle\deobf_dependencies\curse\maven\mekanism-268560\6552911_mapped_official_1.20.1\mekanism-268560-6552911_mapped_official_1.20.1.jar
[1612ŒŽ2025 19:05:06.080] [main/DEBUG] [net.minecraftforge.fml.loading.moddiscovery.ModFileInfo/LOADING]: Found valid mod file mekanism-268560-6552911_mapped_official_1.20.1.jar with {mekanism} mods - versions {10.4.16}
[1612ŒŽ2025 19:05:06.080] [main/DEBUG] [net.minecraftforge.fml.loading.moddiscovery.ModFile/LOADING]: Loading mod file C:\Users\kai10\.gradle\caches\forge_gradle\deobf_dependencies\curse\maven\mekanism-268560\6552911_mapped_official_1.20.1\mekanism-268560-6552911_mapped_official_1.20.1.jar with languages [LanguageSpec[languageName=javafml, acceptedVersions=[47,)]]
[1612ŒŽ2025 19:05:06.080] [main/DEBUG] [net.minecraftforge.fml.loading.moddiscovery.ModFileParser/LOADING]: Considering mod file candidate /
[1612ŒŽ2025 19:05:06.080] [main/DEBUG] [net.minecraftforge.fml.loading.moddiscovery.ModFileInfo/LOADING]: Found valid mod file  with {forge} mods - versions {47.3.0}
[1612ŒŽ2025 19:05:06.080] [main/DEBUG] [net.minecraftforge.fml.loading.moddiscovery.ModFile/LOADING]: Loading mod file / with languages [LanguageSpec[languageName=javafml, acceptedVersions=[24,]]]
[1612ŒŽ2025 19:05:06.084] [main/DEBUG] [net.minecraftforge.fml.loading.moddiscovery.ModFileParser/LOADING]: Found coremod field_to_method with Javascript path coremods/field_to_method.js
[1612ŒŽ2025 19:05:06.084] [main/DEBUG] [net.minecraftforge.fml.loading.moddiscovery.ModFileParser/LOADING]: Found coremod field_to_instanceof with Javascript path coremods/field_to_instanceof.js
[1612ŒŽ2025 19:05:06.084] [main/DEBUG] [net.minecraftforge.fml.loading.moddiscovery.ModFileParser/LOADING]: Found coremod add_bouncer_method with Javascript path coremods/add_bouncer_method.js
[1612ŒŽ2025 19:05:06.084] [main/DEBUG] [net.minecraftforge.fml.loading.moddiscovery.ModFileParser/LOADING]: Found coremod method_redirector with Javascript path coremods/method_redirector.js
[1612ŒŽ2025 19:05:06.084] [main/DEBUG] [net.minecraftforge.fml.loading.moddiscovery.ModFile/LOADING]: Found coremod coremods/field_to_method.js
[1612ŒŽ2025 19:05:06.084] [main/DEBUG] [net.minecraftforge.fml.loading.moddiscovery.ModFile/LOADING]: Found coremod coremods/field_to_instanceof.js
[1612ŒŽ2025 19:05:06.084] [main/DEBUG] [net.minecraftforge.fml.loading.moddiscovery.ModFile/LOADING]: Found coremod coremods/add_bouncer_method.js
[1612ŒŽ2025 19:05:06.084] [main/DEBUG] [net.minecraftforge.fml.loading.moddiscovery.ModFile/LOADING]: Found coremod coremods/method_redirector.js
[1612ŒŽ2025 19:05:06.084] [main/DEBUG] [net.minecraftforge.fml.loading.moddiscovery.ModFileParser/LOADING]: Considering mod file candidate C:\Users\kai10\.gradle\caches\forge_gradle\deobf_dependencies\curse\maven\collective-342584\6429218_mapped_official_1.20.1\collective-342584-6429218_mapped_official_1.20.1.jar
[1612ŒŽ2025 19:05:06.084] [main/DEBUG] [net.minecraftforge.fml.loading.moddiscovery.ModFileInfo/LOADING]: Found valid mod file collective-342584-6429218_mapped_official_1.20.1.jar with {collective} mods - versions {8.3}
[1612ŒŽ2025 19:05:06.084] [main/DEBUG] [net.minecraftforge.fml.loading.moddiscovery.ModFile/LOADING]: Loading mod file C:\Users\kai10\.gradle\caches\forge_gradle\deobf_dependencies\curse\maven\collective-342584\6429218_mapped_official_1.20.1\collective-342584-6429218_mapped_official_1.20.1.jar with languages [LanguageSpec[languageName=javafml, acceptedVersions=*]]
[1612ŒŽ2025 19:05:06.084] [main/DEBUG] [net.minecraftforge.fml.loading.moddiscovery.ModFile/LOADING]: Loading mod file  with languages []
[1612ŒŽ2025 19:05:06.084] [main/DEBUG] [net.minecraftforge.fml.loading.moddiscovery.ModFileParser/LOADING]: Considering mod file candidate 
[1612ŒŽ2025 19:05:06.086] [main/DEBUG] [net.minecraftforge.fml.loading.moddiscovery.ModFileInfo/LOADING]: Found valid mod file mixinextras-forge-0.4.1.jar with {mixinextras} mods - versions {0.4.1}
[1612ŒŽ2025 19:05:06.086] [main/DEBUG] [net.minecraftforge.fml.loading.moddiscovery.ModFile/LOADING]: Loading mod file  with languages [LanguageSpec[languageName=javafml, acceptedVersions=*]]
[1612ŒŽ2025 19:05:06.086] [main/DEBUG] [net.minecraftforge.fml.loading.moddiscovery.ModFile/LOADING]: Loading mod file  with languages []
[1612ŒŽ2025 19:05:06.086] [main/DEBUG] [net.minecraftforge.fml.loading.moddiscovery.ModFile/LOADING]: Loading mod file  with languages []
[1612ŒŽ2025 19:05:06.086] [main/DEBUG] [net.minecraftforge.fml.loading.moddiscovery.ModFileParser/LOADING]: Considering mod file candidate 
[1612ŒŽ2025 19:05:06.086] [main/DEBUG] [net.minecraftforge.fml.loading.moddiscovery.ModFileInfo/LOADING]: Found valid mod file mixinextras-forge-0.4.1.jar with {mixinextras} mods - versions {0.4.1}
[1612ŒŽ2025 19:05:06.086] [main/DEBUG] [net.minecraftforge.fml.loading.moddiscovery.ModFile/LOADING]: Loading mod file  with languages [LanguageSpec[languageName=javafml, acceptedVersions=*]]
[1612ŒŽ2025 19:05:06.086] [main/DEBUG] [net.minecraftforge.fml.loading.moddiscovery.ModFile/LOADING]: Loading mod file  with languages []
[1612ŒŽ2025 19:05:06.086] [main/DEBUG] [cpw.mods.modlauncher.TransformationServiceDecorator/MODLAUNCHER]: End scan trigger - transformation service fml
[1612ŒŽ2025 19:05:06.094] [main/DEBUG] [net.minecraftforge.fml.loading.LanguageLoadingProvider/CORE]: Found 3 language providers
[1612ŒŽ2025 19:05:06.094] [main/DEBUG] [net.minecraftforge.fml.loading.LanguageLoadingProvider/CORE]: Found language provider minecraft, version 1.0
[1612ŒŽ2025 19:05:06.094] [main/DEBUG] [net.minecraftforge.fml.loading.LanguageLoadingProvider/CORE]: Found language provider lowcodefml, version 47
[1612ŒŽ2025 19:05:06.094] [main/DEBUG] [net.minecraftforge.fml.loading.LanguageLoadingProvider/CORE]: Found language provider javafml, version 47
[1612ŒŽ2025 19:05:06.094] [main/DEBUG] [net.minecraftforge.fml.loading.UniqueModListBuilder/]: Found 2 mods for first modid mclib, selecting most recent based on version data
[1612ŒŽ2025 19:05:06.094] [main/DEBUG] [net.minecraftforge.fml.loading.UniqueModListBuilder/]: Selected file mclib-20.jar for modid mclib with version 0.0NONE
[1612ŒŽ2025 19:05:06.094] [main/DEBUG] [net.minecraftforge.fml.loading.UniqueModListBuilder/]: Found 2 mods for first modid mixinextras, selecting most recent based on version data
[1612ŒŽ2025 19:05:06.094] [main/DEBUG] [net.minecraftforge.fml.loading.UniqueModListBuilder/]: Selected file mixinextras-forge-0.4.1.jar for modid mixinextras with version 0.4.1
[1612ŒŽ2025 19:05:06.094] [main/DEBUG] [net.minecraftforge.fml.loading.UniqueModListBuilder/]: Found 2 mods for first modid MixinExtras, selecting most recent based on version data
[1612ŒŽ2025 19:05:06.094] [main/DEBUG] [net.minecraftforge.fml.loading.UniqueModListBuilder/]: Selected file MixinExtras-0.4.1.jar for modid MixinExtras with version 0.0NONE
[1612ŒŽ2025 19:05:06.094] [main/DEBUG] [net.minecraftforge.fml.loading.ModSorter/]: Configured system mods: [minecraft, forge]
[1612ŒŽ2025 19:05:06.094] [main/DEBUG] [net.minecraftforge.fml.loading.ModSorter/]: Found system mod: minecraft
[1612ŒŽ2025 19:05:06.094] [main/DEBUG] [net.minecraftforge.fml.loading.ModSorter/]: Found system mod: forge
[1612ŒŽ2025 19:05:06.103] [main/DEBUG] [net.minecraftforge.fml.loading.ModSorter/LOADING]: Found 26 mod requirements (21 mandatory, 5 optional)
[1612ŒŽ2025 19:05:06.105] [main/DEBUG] [net.minecraftforge.fml.loading.ModSorter/LOADING]: Found 0 mod requirements missing (0 mandatory, 0 optional)
[1612ŒŽ2025 19:05:06.414] [main/DEBUG] [net.minecraftforge.fml.loading.MCPNamingService/CORE]: Loaded 33222 method mappings from methods.csv
[1612ŒŽ2025 19:05:06.439] [main/DEBUG] [net.minecraftforge.fml.loading.MCPNamingService/CORE]: Loaded 31003 field mappings from fields.csv
[1612ŒŽ2025 19:05:06.485] [main/DEBUG] [cpw.mods.modlauncher.TransformationServicesHandler/MODLAUNCHER]: Transformation services loading transformers
[1612ŒŽ2025 19:05:06.485] [main/DEBUG] [cpw.mods.modlauncher.TransformationServiceDecorator/MODLAUNCHER]: Initializing transformers for transformation service mixin
[1612ŒŽ2025 19:05:06.486] [main/DEBUG] [cpw.mods.modlauncher.TransformationServiceDecorator/MODLAUNCHER]: Initialized transformers for transformation service mixin
[1612ŒŽ2025 19:05:06.486] [main/DEBUG] [cpw.mods.modlauncher.TransformationServiceDecorator/MODLAUNCHER]: Initializing transformers for transformation service fml
[1612ŒŽ2025 19:05:06.486] [main/DEBUG] [net.minecraftforge.fml.loading.FMLServiceProvider/CORE]: Loading coremod transformers
[1612ŒŽ2025 19:05:06.486] [main/DEBUG] [net.minecraftforge.coremod.CoreModEngine/COREMOD]: Loading CoreMod from coremods/field_to_method.js
[1612ŒŽ2025 19:05:06.683] [main/DEBUG] [net.minecraftforge.coremod.CoreModEngine/COREMOD]: CoreMod loaded successfully
[1612ŒŽ2025 19:05:06.684] [main/DEBUG] [net.minecraftforge.coremod.CoreModEngine/COREMOD]: Loading CoreMod from coremods/field_to_instanceof.js
[1612ŒŽ2025 19:05:06.744] [main/DEBUG] [net.minecraftforge.coremod.CoreModEngine/COREMOD]: CoreMod loaded successfully
[1612ŒŽ2025 19:05:06.745] [main/DEBUG] [net.minecraftforge.coremod.CoreModEngine/COREMOD]: Loading CoreMod from coremods/add_bouncer_method.js
[1612ŒŽ2025 19:05:06.774] [main/DEBUG] [net.minecraftforge.coremod.CoreModEngine/COREMOD]: CoreMod loaded successfully
[1612ŒŽ2025 19:05:06.774] [main/DEBUG] [net.minecraftforge.coremod.CoreModEngine/COREMOD]: Loading CoreMod from coremods/method_redirector.js
[1612ŒŽ2025 19:05:06.826] [main/DEBUG] [net.minecraftforge.coremod.CoreModEngine/COREMOD]: CoreMod loaded successfully
[1612ŒŽ2025 19:05:06.847] [main/DEBUG] [cpw.mods.modlauncher.TransformStore/MODLAUNCHER]: Adding transformer net.minecraftforge.coremod.transformer.CoreModClassTransformer@542f6803 to Target : CLASS {Lnet/minecraft/world/level/biome/Biome;} {} {V}
[1612ŒŽ2025 19:05:06.847] [main/DEBUG] [cpw.mods.modlauncher.TransformStore/MODLAUNCHER]: Adding transformer net.minecraftforge.coremod.transformer.CoreModClassTransformer@254449bb to Target : CLASS {Lnet/minecraft/world/level/levelgen/structure/Structure;} {} {V}
[1612ŒŽ2025 19:05:06.847] [main/DEBUG] [cpw.mods.modlauncher.TransformStore/MODLAUNCHER]: Adding transformer net.minecraftforge.coremod.transformer.CoreModClassTransformer@4e642ee1 to Target : CLASS {Lnet/minecraft/world/effect/MobEffectInstance;} {} {V}
[1612ŒŽ2025 19:05:06.847] [main/DEBUG] [cpw.mods.modlauncher.TransformStore/MODLAUNCHER]: Adding transformer net.minecraftforge.coremod.transformer.CoreModClassTransformer@29ebbdf4 to Target : CLASS {Lnet/minecraft/world/level/block/LiquidBlock;} {} {V}
[1612ŒŽ2025 19:05:06.847] [main/DEBUG] [cpw.mods.modlauncher.TransformStore/MODLAUNCHER]: Adding transformer net.minecraftforge.coremod.transformer.CoreModClassTransformer@2fd954f to Target : CLASS {Lnet/minecraft/world/item/BucketItem;} {} {V}
[1612ŒŽ2025 19:05:06.847] [main/DEBUG] [cpw.mods.modlauncher.TransformStore/MODLAUNCHER]: Adding transformer net.minecraftforge.coremod.transformer.CoreModClassTransformer@5731d3a to Target : CLASS {Lnet/minecraft/world/level/block/StairBlock;} {} {V}
[1612ŒŽ2025 19:05:06.847] [main/DEBUG] [cpw.mods.modlauncher.TransformStore/MODLAUNCHER]: Adding transformer net.minecraftforge.coremod.transformer.CoreModClassTransformer@6a0f2853 to Target : CLASS {Lnet/minecraft/world/level/block/FlowerPotBlock;} {} {V}
[1612ŒŽ2025 19:05:06.847] [main/DEBUG] [cpw.mods.modlauncher.TransformStore/MODLAUNCHER]: Adding transformer net.minecraftforge.coremod.transformer.CoreModClassTransformer@1eff3cfb to Target : CLASS {Lnet/minecraft/world/item/ItemStack;} {} {V}
[1612ŒŽ2025 19:05:06.847] [main/DEBUG] [cpw.mods.modlauncher.TransformStore/MODLAUNCHER]: Adding transformer net.minecraftforge.coremod.transformer.CoreModClassTransformer@70c69586 to Target : CLASS {Lnet/minecraft/network/play/client/CClientSettingsPacket;} {} {V}
[1612ŒŽ2025 19:05:06.847] [main/DEBUG] [cpw.mods.modlauncher.TransformStore/MODLAUNCHER]: Adding transformer net.minecraftforge.coremod.transformer.CoreModClassTransformer@6dc1dc69 to Target : CLASS {Lnet/minecraft/world/entity/animal/frog/Tadpole;} {} {V}
[1612ŒŽ2025 19:05:06.847] [main/DEBUG] [cpw.mods.modlauncher.TransformStore/MODLAUNCHER]: Adding transformer net.minecraftforge.coremod.transformer.CoreModClassTransformer@6dc1dc69 to Target : CLASS {Lnet/minecraft/world/level/levelgen/structure/structures/OceanRuinPieces$OceanRuinPiece;} {} {V}
[1612ŒŽ2025 19:05:06.847] [main/DEBUG] [cpw.mods.modlauncher.TransformStore/MODLAUNCHER]: Adding transformer net.minecraftforge.coremod.transformer.CoreModClassTransformer@6dc1dc69 to Target : CLASS {Lnet/minecraft/world/entity/monster/Evoker$EvokerSummonSpellGoal;} {} {V}
[1612ŒŽ2025 19:05:06.847] [main/DEBUG] [cpw.mods.modlauncher.TransformStore/MODLAUNCHER]: Adding transformer net.minecraftforge.coremod.transformer.CoreModClassTransformer@6dc1dc69 to Target : CLASS {Lnet/minecraft/world/level/levelgen/structure/structures/OceanMonumentPieces$OceanMonumentPiece;} {} {V}
[1612ŒŽ2025 19:05:06.847] [main/DEBUG] [cpw.mods.modlauncher.TransformStore/MODLAUNCHER]: Adding transformer net.minecraftforge.coremod.transformer.CoreModClassTransformer@6dc1dc69 to Target : CLASS {Lnet/minecraft/world/entity/ai/village/VillageSiege;} {} {V}
[1612ŒŽ2025 19:05:06.847] [main/DEBUG] [cpw.mods.modlauncher.TransformStore/MODLAUNCHER]: Adding transformer net.minecraftforge.coremod.transformer.CoreModClassTransformer@6dc1dc69 to Target : CLASS {Lnet/minecraft/world/entity/EntityType;} {} {V}
[1612ŒŽ2025 19:05:06.847] [main/DEBUG] [cpw.mods.modlauncher.TransformStore/MODLAUNCHER]: Adding transformer net.minecraftforge.coremod.transformer.CoreModClassTransformer@6dc1dc69 to Target : CLASS {Lnet/minecraft/server/commands/RaidCommand;} {} {V}
[1612ŒŽ2025 19:05:06.851] [main/DEBUG] [cpw.mods.modlauncher.TransformStore/MODLAUNCHER]: Adding transformer net.minecraftforge.coremod.transformer.CoreModClassTransformer@6dc1dc69 to Target : CLASS {Lnet/minecraft/world/entity/monster/Zombie;} {} {V}
[1612ŒŽ2025 19:05:06.851] [main/DEBUG] [cpw.mods.modlauncher.TransformStore/MODLAUNCHER]: Adding transformer net.minecraftforge.coremod.transformer.CoreModClassTransformer@6dc1dc69 to Target : CLASS {Lnet/minecraft/world/entity/monster/Spider;} {} {V}
[1612ŒŽ2025 19:05:06.851] [main/DEBUG] [cpw.mods.modlauncher.TransformStore/MODLAUNCHER]: Adding transformer net.minecraftforge.coremod.transformer.CoreModClassTransformer@6dc1dc69 to Target : CLASS {Lnet/minecraft/world/entity/npc/Villager;} {} {V}
[1612ŒŽ2025 19:05:06.851] [main/DEBUG] [cpw.mods.modlauncher.TransformStore/MODLAUNCHER]: Adding transformer net.minecraftforge.coremod.transformer.CoreModClassTransformer@6dc1dc69 to Target : CLASS {Lnet/minecraft/world/entity/animal/horse/SkeletonTrapGoal;} {} {V}
[1612ŒŽ2025 19:05:06.851] [main/DEBUG] [cpw.mods.modlauncher.TransformStore/MODLAUNCHER]: Adding transformer net.minecraftforge.coremod.transformer.CoreModClassTransformer@6dc1dc69 to Target : CLASS {Lnet/minecraft/world/level/levelgen/PatrolSpawner;} {} {V}
[1612ŒŽ2025 19:05:06.851] [main/DEBUG] [cpw.mods.modlauncher.TransformStore/MODLAUNCHER]: Adding transformer net.minecraftforge.coremod.transformer.CoreModClassTransformer@6dc1dc69 to Target : CLASS {Lnet/minecraft/world/entity/monster/ZombieVillager;} {} {V}
[1612ŒŽ2025 19:05:06.851] [main/DEBUG] [cpw.mods.modlauncher.TransformStore/MODLAUNCHER]: Adding transformer net.minecraftforge.coremod.transformer.CoreModClassTransformer@6dc1dc69 to Target : CLASS {Lnet/minecraft/world/entity/raid/Raid;} {} {V}
[1612ŒŽ2025 19:05:06.851] [main/DEBUG] [cpw.mods.modlauncher.TransformStore/MODLAUNCHER]: Adding transformer net.minecraftforge.coremod.transformer.CoreModClassTransformer@6dc1dc69 to Target : CLASS {Lnet/minecraft/world/level/levelgen/structure/structures/WoodlandMansionPieces$WoodlandMansionPiece;} {} {V}
[1612ŒŽ2025 19:05:06.851] [main/DEBUG] [cpw.mods.modlauncher.TransformStore/MODLAUNCHER]: Adding transformer net.minecraftforge.coremod.transformer.CoreModClassTransformer@6dc1dc69 to Target : CLASS {Lnet/minecraft/world/entity/npc/CatSpawner;} {} {V}
[1612ŒŽ2025 19:05:06.851] [main/DEBUG] [cpw.mods.modlauncher.TransformStore/MODLAUNCHER]: Adding transformer net.minecraftforge.coremod.transformer.CoreModClassTransformer@6dc1dc69 to Target : CLASS {Lnet/minecraft/world/level/levelgen/structure/structures/SwampHutPiece;} {} {V}
[1612ŒŽ2025 19:05:06.851] [main/DEBUG] [cpw.mods.modlauncher.TransformStore/MODLAUNCHER]: Adding transformer net.minecraftforge.coremod.transformer.CoreModClassTransformer@6dc1dc69 to Target : CLASS {Lnet/minecraft/server/commands/SummonCommand;} {} {V}
[1612ŒŽ2025 19:05:06.851] [main/DEBUG] [cpw.mods.modlauncher.TransformStore/MODLAUNCHER]: Adding transformer net.minecraftforge.coremod.transformer.CoreModClassTransformer@6dc1dc69 to Target : CLASS {Lnet/minecraft/world/level/levelgen/PhantomSpawner;} {} {V}
[1612ŒŽ2025 19:05:06.851] [main/DEBUG] [cpw.mods.modlauncher.TransformStore/MODLAUNCHER]: Adding transformer net.minecraftforge.coremod.transformer.CoreModClassTransformer@6dc1dc69 to Target : CLASS {Lnet/minecraft/world/level/NaturalSpawner;} {} {V}
[1612ŒŽ2025 19:05:06.851] [main/DEBUG] [cpw.mods.modlauncher.TransformStore/MODLAUNCHER]: Adding transformer net.minecraftforge.coremod.transformer.CoreModClassTransformer@6dc1dc69 to Target : CLASS {Lnet/minecraft/world/entity/monster/Strider;} {} {V}
[1612ŒŽ2025 19:05:06.851] [main/DEBUG] [cpw.mods.modlauncher.TransformStore/MODLAUNCHER]: Adding transformer net.minecraftforge.coremod.transformer.CoreModClassTransformer@6dc1dc69 to Target : CLASS {Lnet/minecraft/world/level/levelgen/structure/templatesystem/StructureTemplate;} {} {V}
[1612ŒŽ2025 19:05:06.851] [main/DEBUG] [cpw.mods.modlauncher.TransformationServiceDecorator/MODLAUNCHER]: Initialized transformers for transformation service fml
[1612ŒŽ2025 19:05:07.466] [main/DEBUG] [mixin/]: Processing prepare() for PlatformAgent[MixinPlatformAgentDefault:ModLauncher Root Container(ModLauncher:4f56a0a2)]
[1612ŒŽ2025 19:05:07.466] [main/DEBUG] [mixin/]: Registering mixin config: flans_star_forge.mixins.json
[1612ŒŽ2025 19:05:07.487] [main/DEBUG] [mixin/]: Compatibility level JAVA_17 specified by flans_star_forge.mixins.json is higher than the maximum level supported by this version of mixin (JAVA_13).
[1612ŒŽ2025 19:05:07.489] [main/INFO] [mixin/]: Compatibility level set to JAVA_17
[1612ŒŽ2025 19:05:07.489] [main/ERROR] [mixin/]: Mixin config flans_star_forge.mixins.json does not specify "minVersion" property
[1612ŒŽ2025 19:05:07.489] [main/DEBUG] [mixin/]: Processing launch tasks for PlatformAgent[MixinPlatformAgentDefault:ModLauncher Root Container(ModLauncher:4f56a0a2)]
[1612ŒŽ2025 19:05:07.489] [main/DEBUG] [mixin/]: Adding mixin platform agents for container SecureJarResource(minecraft)
[1612ŒŽ2025 19:05:07.489] [main/DEBUG] [mixin/]: Instancing new MixinPlatformAgentMinecraftForge for SecureJarResource(minecraft)
[1612ŒŽ2025 19:05:07.491] [main/DEBUG] [mixin/]: MixinPlatformAgentMinecraftForge rejected container SecureJarResource(minecraft)
[1612ŒŽ2025 19:05:07.491] [main/DEBUG] [mixin/]: Instancing new MixinPlatformAgentDefault for SecureJarResource(minecraft)
[1612ŒŽ2025 19:05:07.491] [main/DEBUG] [mixin/]: MixinPlatformAgentDefault accepted container SecureJarResource(minecraft)
[1612ŒŽ2025 19:05:07.491] [main/DEBUG] [mixin/]: Processing prepare() for PlatformAgent[MixinPlatformAgentDefault:SecureJarResource(minecraft)]
[1612ŒŽ2025 19:05:07.491] [main/DEBUG] [mixin/]: Adding mixin platform agents for container SecureJarResource(mixinextras)
[1612ŒŽ2025 19:05:07.491] [main/DEBUG] [mixin/]: Instancing new MixinPlatformAgentMinecraftForge for SecureJarResource(mixinextras)
[1612ŒŽ2025 19:05:07.491] [main/DEBUG] [mixin/]: MixinPlatformAgentMinecraftForge rejected container SecureJarResource(mixinextras)
[1612ŒŽ2025 19:05:07.491] [main/DEBUG] [mixin/]: Instancing new MixinPlatformAgentDefault for SecureJarResource(mixinextras)
[1612ŒŽ2025 19:05:07.491] [main/DEBUG] [mixin/]: MixinPlatformAgentDefault accepted container SecureJarResource(mixinextras)
[1612ŒŽ2025 19:05:07.491] [main/DEBUG] [mixin/]: Processing prepare() for PlatformAgent[MixinPlatformAgentDefault:SecureJarResource(mixinextras)]
[1612ŒŽ2025 19:05:07.491] [main/DEBUG] [mixin/]: Registering mixin config: mixinextras.init.mixins.json
[1612ŒŽ2025 19:05:07.493] [main/DEBUG] [mixin/]: Adding mixin platform agents for container SecureJarResource(fullbrightnesstoggle)
[1612ŒŽ2025 19:05:07.493] [main/DEBUG] [mixin/]: Instancing new MixinPlatformAgentMinecraftForge for SecureJarResource(fullbrightnesstoggle)
[1612ŒŽ2025 19:05:07.493] [main/DEBUG] [mixin/]: MixinPlatformAgentMinecraftForge rejected container SecureJarResource(fullbrightnesstoggle)
[1612ŒŽ2025 19:05:07.493] [main/DEBUG] [mixin/]: Instancing new MixinPlatformAgentDefault for SecureJarResource(fullbrightnesstoggle)
[1612ŒŽ2025 19:05:07.493] [main/DEBUG] [mixin/]: MixinPlatformAgentDefault accepted container SecureJarResource(fullbrightnesstoggle)
[1612ŒŽ2025 19:05:07.493] [main/DEBUG] [mixin/]: Processing prepare() for PlatformAgent[MixinPlatformAgentDefault:SecureJarResource(fullbrightnesstoggle)]
[1612ŒŽ2025 19:05:07.493] [main/DEBUG] [mixin/]: Registering mixin config: fullbrightnesstoggle_forge.mixins.json
[1612ŒŽ2025 19:05:07.494] [main/DEBUG] [mixin/]: Adding mixin platform agents for container SecureJarResource(flans_knowledge_lib)
[1612ŒŽ2025 19:05:07.494] [main/DEBUG] [mixin/]: Instancing new MixinPlatformAgentMinecraftForge for SecureJarResource(flans_knowledge_lib)
[1612ŒŽ2025 19:05:07.494] [main/DEBUG] [mixin/]: MixinPlatformAgentMinecraftForge rejected container SecureJarResource(flans_knowledge_lib)
[1612ŒŽ2025 19:05:07.494] [main/DEBUG] [mixin/]: Instancing new MixinPlatformAgentDefault for SecureJarResource(flans_knowledge_lib)
[1612ŒŽ2025 19:05:07.494] [main/DEBUG] [mixin/]: MixinPlatformAgentDefault accepted container SecureJarResource(flans_knowledge_lib)
[1612ŒŽ2025 19:05:07.494] [main/DEBUG] [mixin/]: Processing prepare() for PlatformAgent[MixinPlatformAgentDefault:SecureJarResource(flans_knowledge_lib)]
[1612ŒŽ2025 19:05:07.494] [main/DEBUG] [mixin/]: Adding mixin platform agents for container SecureJarResource(avaritia)
[1612ŒŽ2025 19:05:07.494] [main/DEBUG] [mixin/]: Instancing new MixinPlatformAgentMinecraftForge for SecureJarResource(avaritia)
[1612ŒŽ2025 19:05:07.494] [main/DEBUG] [mixin/]: MixinPlatformAgentMinecraftForge rejected container SecureJarResource(avaritia)
[1612ŒŽ2025 19:05:07.494] [main/DEBUG] [mixin/]: Instancing new MixinPlatformAgentDefault for SecureJarResource(avaritia)
[1612ŒŽ2025 19:05:07.494] [main/DEBUG] [mixin/]: MixinPlatformAgentDefault accepted container SecureJarResource(avaritia)
[1612ŒŽ2025 19:05:07.494] [main/DEBUG] [mixin/]: Processing prepare() for PlatformAgent[MixinPlatformAgentDefault:SecureJarResource(avaritia)]
[1612ŒŽ2025 19:05:07.494] [main/DEBUG] [mixin/]: Registering mixin config: avaritia.mixins.json
[1612ŒŽ2025 19:05:07.494] [main/DEBUG] [mixin/]: Adding mixin platform agents for container SecureJarResource(jade)
[1612ŒŽ2025 19:05:07.494] [main/DEBUG] [mixin/]: Instancing new MixinPlatformAgentMinecraftForge for SecureJarResource(jade)
[1612ŒŽ2025 19:05:07.494] [main/DEBUG] [mixin/]: MixinPlatformAgentMinecraftForge rejected container SecureJarResource(jade)
[1612ŒŽ2025 19:05:07.498] [main/DEBUG] [mixin/]: Instancing new MixinPlatformAgentDefault for SecureJarResource(jade)
[1612ŒŽ2025 19:05:07.498] [main/DEBUG] [mixin/]: MixinPlatformAgentDefault accepted container SecureJarResource(jade)
[1612ŒŽ2025 19:05:07.498] [main/DEBUG] [mixin/]: Processing prepare() for PlatformAgent[MixinPlatformAgentDefault:SecureJarResource(jade)]
[1612ŒŽ2025 19:05:07.498] [main/DEBUG] [mixin/]: Registering mixin config: jade.mixins.json
[1612ŒŽ2025 19:05:07.498] [main/DEBUG] [mixin/]: Compatibility level JAVA_16 specified by jade.mixins.json is higher than the maximum level supported by this version of mixin (JAVA_13).
[1612ŒŽ2025 19:05:07.498] [main/DEBUG] [mixin/]: Adding mixin platform agents for container SecureJarResource(geckolib)
[1612ŒŽ2025 19:05:07.498] [main/DEBUG] [mixin/]: Instancing new MixinPlatformAgentMinecraftForge for SecureJarResource(geckolib)
[1612ŒŽ2025 19:05:07.498] [main/DEBUG] [mixin/]: MixinPlatformAgentMinecraftForge rejected container SecureJarResource(geckolib)
[1612ŒŽ2025 19:05:07.498] [main/DEBUG] [mixin/]: Instancing new MixinPlatformAgentDefault for SecureJarResource(geckolib)
[1612ŒŽ2025 19:05:07.498] [main/DEBUG] [mixin/]: MixinPlatformAgentDefault accepted container SecureJarResource(geckolib)
[1612ŒŽ2025 19:05:07.498] [main/DEBUG] [mixin/]: Processing prepare() for PlatformAgent[MixinPlatformAgentDefault:SecureJarResource(geckolib)]
[1612ŒŽ2025 19:05:07.498] [main/DEBUG] [mixin/]: Registering mixin config: geckolib.mixins.json
[1612ŒŽ2025 19:05:07.502] [main/DEBUG] [mixin/]: Adding mixin platform agents for container SecureJarResource(flans_star_forge)
[1612ŒŽ2025 19:05:07.502] [main/DEBUG] [mixin/]: Instancing new MixinPlatformAgentMinecraftForge for SecureJarResource(flans_star_forge)
[1612ŒŽ2025 19:05:07.502] [main/DEBUG] [mixin/]: MixinPlatformAgentMinecraftForge rejected container SecureJarResource(flans_star_forge)
[1612ŒŽ2025 19:05:07.502] [main/DEBUG] [mixin/]: Instancing new MixinPlatformAgentDefault for SecureJarResource(flans_star_forge)
[1612ŒŽ2025 19:05:07.502] [main/DEBUG] [mixin/]: MixinPlatformAgentDefault accepted container SecureJarResource(flans_star_forge)
[1612ŒŽ2025 19:05:07.502] [main/DEBUG] [mixin/]: Processing prepare() for PlatformAgent[MixinPlatformAgentDefault:SecureJarResource(flans_star_forge)]
[1612ŒŽ2025 19:05:07.502] [main/DEBUG] [mixin/]: Adding mixin platform agents for container SecureJarResource(jei)
[1612ŒŽ2025 19:05:07.502] [main/DEBUG] [mixin/]: Instancing new MixinPlatformAgentMinecraftForge for SecureJarResource(jei)
[1612ŒŽ2025 19:05:07.502] [main/DEBUG] [mixin/]: MixinPlatformAgentMinecraftForge rejected container SecureJarResource(jei)
[1612ŒŽ2025 19:05:07.502] [main/DEBUG] [mixin/]: Instancing new MixinPlatformAgentDefault for SecureJarResource(jei)
[1612ŒŽ2025 19:05:07.502] [main/DEBUG] [mixin/]: MixinPlatformAgentDefault accepted container SecureJarResource(jei)
[1612ŒŽ2025 19:05:07.502] [main/DEBUG] [mixin/]: Processing prepare() for PlatformAgent[MixinPlatformAgentDefault:SecureJarResource(jei)]
[1612ŒŽ2025 19:05:07.502] [main/DEBUG] [mixin/]: Adding mixin platform agents for container SecureJarResource(mekanism)
[1612ŒŽ2025 19:05:07.502] [main/DEBUG] [mixin/]: Instancing new MixinPlatformAgentMinecraftForge for SecureJarResource(mekanism)
[1612ŒŽ2025 19:05:07.502] [main/DEBUG] [mixin/]: MixinPlatformAgentMinecraftForge rejected container SecureJarResource(mekanism)
[1612ŒŽ2025 19:05:07.502] [main/DEBUG] [mixin/]: Instancing new MixinPlatformAgentDefault for SecureJarResource(mekanism)
[1612ŒŽ2025 19:05:07.502] [main/DEBUG] [mixin/]: MixinPlatformAgentDefault accepted container SecureJarResource(mekanism)
[1612ŒŽ2025 19:05:07.502] [main/DEBUG] [mixin/]: Processing prepare() for PlatformAgent[MixinPlatformAgentDefault:SecureJarResource(mekanism)]
[1612ŒŽ2025 19:05:07.502] [main/DEBUG] [mixin/]: Adding mixin platform agents for container SecureJarResource(mekanismadditions)
[1612ŒŽ2025 19:05:07.502] [main/DEBUG] [mixin/]: Instancing new MixinPlatformAgentMinecraftForge for SecureJarResource(mekanismadditions)
[1612ŒŽ2025 19:05:07.502] [main/DEBUG] [mixin/]: MixinPlatformAgentMinecraftForge rejected container SecureJarResource(mekanismadditions)
[1612ŒŽ2025 19:05:07.502] [main/DEBUG] [mixin/]: Instancing new MixinPlatformAgentDefault for SecureJarResource(mekanismadditions)
[1612ŒŽ2025 19:05:07.502] [main/DEBUG] [mixin/]: MixinPlatformAgentDefault accepted container SecureJarResource(mekanismadditions)
[1612ŒŽ2025 19:05:07.504] [main/DEBUG] [mixin/]: Processing prepare() for PlatformAgent[MixinPlatformAgentDefault:SecureJarResource(mekanismadditions)]
[1612ŒŽ2025 19:05:07.504] [main/DEBUG] [mixin/]: Adding mixin platform agents for container SecureJarResource(mekanismtools)
[1612ŒŽ2025 19:05:07.504] [main/DEBUG] [mixin/]: Instancing new MixinPlatformAgentMinecraftForge for SecureJarResource(mekanismtools)
[1612ŒŽ2025 19:05:07.504] [main/DEBUG] [mixin/]: MixinPlatformAgentMinecraftForge rejected container SecureJarResource(mekanismtools)
[1612ŒŽ2025 19:05:07.504] [main/DEBUG] [mixin/]: Instancing new MixinPlatformAgentDefault for SecureJarResource(mekanismtools)
[1612ŒŽ2025 19:05:07.504] [main/DEBUG] [mixin/]: MixinPlatformAgentDefault accepted container SecureJarResource(mekanismtools)
[1612ŒŽ2025 19:05:07.504] [main/DEBUG] [mixin/]: Processing prepare() for PlatformAgent[MixinPlatformAgentDefault:SecureJarResource(mekanismtools)]
[1612ŒŽ2025 19:05:07.504] [main/DEBUG] [mixin/]: Adding mixin platform agents for container SecureJarResource(mekanismgenerators)
[1612ŒŽ2025 19:05:07.504] [main/DEBUG] [mixin/]: Instancing new MixinPlatformAgentMinecraftForge for SecureJarResource(mekanismgenerators)
[1612ŒŽ2025 19:05:07.504] [main/DEBUG] [mixin/]: MixinPlatformAgentMinecraftForge rejected container SecureJarResource(mekanismgenerators)
[1612ŒŽ2025 19:05:07.504] [main/DEBUG] [mixin/]: Instancing new MixinPlatformAgentDefault for SecureJarResource(mekanismgenerators)
[1612ŒŽ2025 19:05:07.504] [main/DEBUG] [mixin/]: MixinPlatformAgentDefault accepted container SecureJarResource(mekanismgenerators)
[1612ŒŽ2025 19:05:07.504] [main/DEBUG] [mixin/]: Processing prepare() for PlatformAgent[MixinPlatformAgentDefault:SecureJarResource(mekanismgenerators)]
[1612ŒŽ2025 19:05:07.504] [main/DEBUG] [mixin/]: Adding mixin platform agents for container SecureJarResource(forge)
[1612ŒŽ2025 19:05:07.504] [main/DEBUG] [mixin/]: Instancing new MixinPlatformAgentMinecraftForge for SecureJarResource(forge)
[1612ŒŽ2025 19:05:07.504] [main/DEBUG] [mixin/]: MixinPlatformAgentMinecraftForge rejected container SecureJarResource(forge)
[1612ŒŽ2025 19:05:07.504] [main/DEBUG] [mixin/]: Instancing new MixinPlatformAgentDefault for SecureJarResource(forge)
[1612ŒŽ2025 19:05:07.504] [main/DEBUG] [mixin/]: MixinPlatformAgentDefault accepted container SecureJarResource(forge)
[1612ŒŽ2025 19:05:07.504] [main/DEBUG] [mixin/]: Processing prepare() for PlatformAgent[MixinPlatformAgentDefault:SecureJarResource(forge)]
[1612ŒŽ2025 19:05:07.504] [main/DEBUG] [mixin/]: Adding mixin platform agents for container SecureJarResource(appleskin)
[1612ŒŽ2025 19:05:07.504] [main/DEBUG] [mixin/]: Instancing new MixinPlatformAgentMinecraftForge for SecureJarResource(appleskin)
[1612ŒŽ2025 19:05:07.504] [main/DEBUG] [mixin/]: MixinPlatformAgentMinecraftForge rejected container SecureJarResource(appleskin)
[1612ŒŽ2025 19:05:07.504] [main/DEBUG] [mixin/]: Instancing new MixinPlatformAgentDefault for SecureJarResource(appleskin)
[1612ŒŽ2025 19:05:07.504] [main/DEBUG] [mixin/]: MixinPlatformAgentDefault accepted container SecureJarResource(appleskin)
[1612ŒŽ2025 19:05:07.504] [main/DEBUG] [mixin/]: Processing prepare() for PlatformAgent[MixinPlatformAgentDefault:SecureJarResource(appleskin)]
[1612ŒŽ2025 19:05:07.504] [main/DEBUG] [mixin/]: Adding mixin platform agents for container SecureJarResource(collective)
[1612ŒŽ2025 19:05:07.504] [main/DEBUG] [mixin/]: Instancing new MixinPlatformAgentMinecraftForge for SecureJarResource(collective)
[1612ŒŽ2025 19:05:07.504] [main/DEBUG] [mixin/]: MixinPlatformAgentMinecraftForge rejected container SecureJarResource(collective)
[1612ŒŽ2025 19:05:07.504] [main/DEBUG] [mixin/]: Instancing new MixinPlatformAgentDefault for SecureJarResource(collective)
[1612ŒŽ2025 19:05:07.504] [main/DEBUG] [mixin/]: MixinPlatformAgentDefault accepted container SecureJarResource(collective)
[1612ŒŽ2025 19:05:07.504] [main/DEBUG] [mixin/]: Processing prepare() for PlatformAgent[MixinPlatformAgentDefault:SecureJarResource(collective)]
[1612ŒŽ2025 19:05:07.504] [main/DEBUG] [mixin/]: Registering mixin config: collective_forge.mixins.json
[1612ŒŽ2025 19:05:07.504] [main/DEBUG] [mixin/]: Adding mixin platform agents for container SecureJarResource(mclib)
[1612ŒŽ2025 19:05:07.508] [main/DEBUG] [mixin/]: Instancing new MixinPlatformAgentMinecraftForge for SecureJarResource(mclib)
[1612ŒŽ2025 19:05:07.508] [main/DEBUG] [mixin/]: MixinPlatformAgentMinecraftForge rejected container SecureJarResource(mclib)
[1612ŒŽ2025 19:05:07.508] [main/DEBUG] [mixin/]: Instancing new MixinPlatformAgentDefault for SecureJarResource(mclib)
[1612ŒŽ2025 19:05:07.508] [main/DEBUG] [mixin/]: MixinPlatformAgentDefault accepted container SecureJarResource(mclib)
[1612ŒŽ2025 19:05:07.508] [main/DEBUG] [mixin/]: Processing prepare() for PlatformAgent[MixinPlatformAgentDefault:SecureJarResource(mclib)]
[1612ŒŽ2025 19:05:07.508] [main/DEBUG] [mixin/]: Adding mixin platform agents for container SecureJarResource(MixinExtras)
[1612ŒŽ2025 19:05:07.508] [main/DEBUG] [mixin/]: Instancing new MixinPlatformAgentMinecraftForge for SecureJarResource(MixinExtras)
[1612ŒŽ2025 19:05:07.508] [main/DEBUG] [mixin/]: MixinPlatformAgentMinecraftForge rejected container SecureJarResource(MixinExtras)
[1612ŒŽ2025 19:05:07.508] [main/DEBUG] [mixin/]: Instancing new MixinPlatformAgentDefault for SecureJarResource(MixinExtras)
[1612ŒŽ2025 19:05:07.508] [main/DEBUG] [mixin/]: MixinPlatformAgentDefault accepted container SecureJarResource(MixinExtras)
[1612ŒŽ2025 19:05:07.508] [main/DEBUG] [mixin/]: Processing prepare() for PlatformAgent[MixinPlatformAgentDefault:SecureJarResource(MixinExtras)]
[1612ŒŽ2025 19:05:07.508] [main/DEBUG] [mixin/]: inject() running with 19 agents
[1612ŒŽ2025 19:05:07.508] [main/DEBUG] [mixin/]: Processing inject() for PlatformAgent[MixinPlatformAgentDefault:ModLauncher Root Container(ModLauncher:4f56a0a2)]
[1612ŒŽ2025 19:05:07.508] [main/DEBUG] [mixin/]: Processing inject() for PlatformAgent[MixinPlatformAgentDefault:SecureJarResource(minecraft)]
[1612ŒŽ2025 19:05:07.508] [main/DEBUG] [mixin/]: Processing inject() for PlatformAgent[MixinPlatformAgentDefault:SecureJarResource(mixinextras)]
[1612ŒŽ2025 19:05:07.508] [main/DEBUG] [mixin/]: Processing inject() for PlatformAgent[MixinPlatformAgentDefault:SecureJarResource(fullbrightnesstoggle)]
[1612ŒŽ2025 19:05:07.508] [main/DEBUG] [mixin/]: Processing inject() for PlatformAgent[MixinPlatformAgentDefault:SecureJarResource(flans_knowledge_lib)]
[1612ŒŽ2025 19:05:07.508] [main/DEBUG] [mixin/]: Processing inject() for PlatformAgent[MixinPlatformAgentDefault:SecureJarResource(avaritia)]
[1612ŒŽ2025 19:05:07.508] [main/DEBUG] [mixin/]: Processing inject() for PlatformAgent[MixinPlatformAgentDefault:SecureJarResource(jade)]
[1612ŒŽ2025 19:05:07.508] [main/DEBUG] [mixin/]: Processing inject() for PlatformAgent[MixinPlatformAgentDefault:SecureJarResource(geckolib)]
[1612ŒŽ2025 19:05:07.508] [main/DEBUG] [mixin/]: Processing inject() for PlatformAgent[MixinPlatformAgentDefault:SecureJarResource(flans_star_forge)]
[1612ŒŽ2025 19:05:07.508] [main/DEBUG] [mixin/]: Processing inject() for PlatformAgent[MixinPlatformAgentDefault:SecureJarResource(jei)]
[1612ŒŽ2025 19:05:07.508] [main/DEBUG] [mixin/]: Processing inject() for PlatformAgent[MixinPlatformAgentDefault:SecureJarResource(mekanism)]
[1612ŒŽ2025 19:05:07.508] [main/DEBUG] [mixin/]: Processing inject() for PlatformAgent[MixinPlatformAgentDefault:SecureJarResource(mekanismadditions)]
[1612ŒŽ2025 19:05:07.508] [main/DEBUG] [mixin/]: Processing inject() for PlatformAgent[MixinPlatformAgentDefault:SecureJarResource(mekanismtools)]
[1612ŒŽ2025 19:05:07.508] [main/DEBUG] [mixin/]: Processing inject() for PlatformAgent[MixinPlatformAgentDefault:SecureJarResource(mekanismgenerators)]
[1612ŒŽ2025 19:05:07.508] [main/DEBUG] [mixin/]: Processing inject() for PlatformAgent[MixinPlatformAgentDefault:SecureJarResource(forge)]
[1612ŒŽ2025 19:05:07.508] [main/DEBUG] [mixin/]: Processing inject() for PlatformAgent[MixinPlatformAgentDefault:SecureJarResource(appleskin)]
[1612ŒŽ2025 19:05:07.508] [main/DEBUG] [mixin/]: Processing inject() for PlatformAgent[MixinPlatformAgentDefault:SecureJarResource(collective)]
[1612ŒŽ2025 19:05:07.508] [main/DEBUG] [mixin/]: Processing inject() for PlatformAgent[MixinPlatformAgentDefault:SecureJarResource(mclib)]
[1612ŒŽ2025 19:05:07.508] [main/DEBUG] [mixin/]: Processing inject() for PlatformAgent[MixinPlatformAgentDefault:SecureJarResource(MixinExtras)]
[1612ŒŽ2025 19:05:07.508] [main/INFO] [cpw.mods.modlauncher.LaunchServiceHandler/MODLAUNCHER]: Launching target 'forgedatauserdev' with arguments [--gameDir, ., --assetsDir, C:\Users\kai10\.gradle\caches\forge_gradle\assets, --assetIndex, 5, --mod, flans_star_forge, --all, --output, C:\Users\kai10\main\forge\ReFlansStarForge\src\generated\resources, --existing, C:\Users\kai10\main\forge\ReFlansStarForge\src\main\resources]
[1612ŒŽ2025 19:05:07.577] [main/DEBUG] [mixin/]: Error cleaning class output directory: .mixin.out
[1612ŒŽ2025 19:05:07.584] [main/DEBUG] [mixin/]: Preparing mixins for MixinEnvironment[DEFAULT]
[1612ŒŽ2025 19:05:07.584] [main/DEBUG] [mixin/]: Selecting config flans_star_forge.mixins.json
[1612ŒŽ2025 19:05:07.584] [main/DEBUG] [mixin/]: Selecting config mixinextras.init.mixins.json
[1612ŒŽ2025 19:05:07.625] [main/DEBUG] [MixinExtras|Service/]: com.llamalad7.mixinextras.service.MixinExtrasServiceImpl(version=0.4.1) is taking over from null
[1612ŒŽ2025 19:05:07.657] [main/DEBUG] [mixin/]: Registering new injector for @Inject with org.spongepowered.asm.mixin.injection.struct.CallbackInjectionInfo
[1612ŒŽ2025 19:05:07.664] [main/DEBUG] [mixin/]: Registering new injector for @ModifyArg with org.spongepowered.asm.mixin.injection.struct.ModifyArgInjectionInfo
[1612ŒŽ2025 19:05:07.664] [main/DEBUG] [mixin/]: Registering new injector for @ModifyArgs with org.spongepowered.asm.mixin.injection.struct.ModifyArgsInjectionInfo
[1612ŒŽ2025 19:05:07.664] [main/DEBUG] [mixin/]: Registering new injector for @Redirect with org.spongepowered.asm.mixin.injection.struct.RedirectInjectionInfo
[1612ŒŽ2025 19:05:07.669] [main/DEBUG] [mixin/]: Registering new injector for @ModifyVariable with org.spongepowered.asm.mixin.injection.struct.ModifyVariableInjectionInfo
[1612ŒŽ2025 19:05:07.669] [main/DEBUG] [mixin/]: Registering new injector for @ModifyConstant with org.spongepowered.asm.mixin.injection.struct.ModifyConstantInjectionInfo
[1612ŒŽ2025 19:05:07.683] [main/DEBUG] [mixin/]: Selecting config fullbrightnesstoggle_forge.mixins.json
[1612ŒŽ2025 19:05:07.893] [main/INFO] [mixin/]: Remapping refMap fullbrightnesstoggle_forge.refmap.json using C:\Users\kai10\main\forge\ReFlansStarForge\build\createSrgToMcp\output.srg
[1612ŒŽ2025 19:05:07.893] [main/DEBUG] [mixin/]: Selecting config avaritia.mixins.json
[1612ŒŽ2025 19:05:07.894] [main/INFO] [mixin/]: Remapping refMap avaritia.refmap.json using C:\Users\kai10\main\forge\ReFlansStarForge\build\createSrgToMcp\output.srg
[1612ŒŽ2025 19:05:07.894] [main/DEBUG] [mixin/]: Selecting config jade.mixins.json
[1612ŒŽ2025 19:05:07.896] [main/INFO] [mixin/]: Remapping refMap jade.refmap.json using C:\Users\kai10\main\forge\ReFlansStarForge\build\createSrgToMcp\output.srg
[1612ŒŽ2025 19:05:07.896] [main/DEBUG] [mixin/]: Selecting config geckolib.mixins.json
[1612ŒŽ2025 19:05:07.896] [main/INFO] [mixin/]: Remapping refMap geckolib.refmap.json using C:\Users\kai10\main\forge\ReFlansStarForge\build\createSrgToMcp\output.srg
[1612ŒŽ2025 19:05:07.896] [main/DEBUG] [mixin/]: Selecting config collective_forge.mixins.json
[1612ŒŽ2025 19:05:07.896] [main/INFO] [mixin/]: Remapping refMap collective_forge.refmap.json using C:\Users\kai10\main\forge\ReFlansStarForge\build\createSrgToMcp\output.srg
[1612ŒŽ2025 19:05:07.896] [main/DEBUG] [mixin/]: Preparing flans_star_forge.mixins.json (2)
[1612ŒŽ2025 19:05:07.944] [main/DEBUG] [mixin/]: Preparing mixinextras.init.mixins.json (0)
[1612ŒŽ2025 19:05:07.944] [main/DEBUG] [mixin/]: Preparing fullbrightnesstoggle_forge.mixins.json (0)
[1612ŒŽ2025 19:05:07.944] [main/DEBUG] [mixin/]: Preparing avaritia.mixins.json (6)
[1612ŒŽ2025 19:05:07.956] [main/DEBUG] [mixin/]: Preparing jade.mixins.json (3)
[1612ŒŽ2025 19:05:07.960] [main/DEBUG] [mixin/]: Preparing geckolib.mixins.json (3)
[1612ŒŽ2025 19:05:07.969] [main/DEBUG] [net.minecraftforge.coremod.transformer.CoreModBaseTransformer/COREMOD]: Transforming net/minecraft/world/item/ItemStack
[1612ŒŽ2025 19:05:07.993] [main/DEBUG] [mixin/]: Preparing collective_forge.mixins.json (5)
[1612ŒŽ2025 19:05:08.019] [main/DEBUG] [mixin/]: Prepared 19 mixins in 0.430 sec (22.6ms avg) (0ms load, 0ms transform, 0ms plugin)
[1612ŒŽ2025 19:05:08.117] [main/DEBUG] [io.netty.util.internal.logging.InternalLoggerFactory/]: Using SLF4J as the default logging framework
[1612ŒŽ2025 19:05:08.125] [main/DEBUG] [io.netty.util.ResourceLeakDetector/]: -Dio.netty.leakDetection.level: simple
[1612ŒŽ2025 19:05:08.125] [main/DEBUG] [io.netty.util.ResourceLeakDetector/]: -Dio.netty.leakDetection.targetRecords: 4
[1612ŒŽ2025 19:05:08.270] [main/INFO] [net.minecraftforge.data.loading.DatagenModLoader/]: Initializing Data Gatherer for mods [flans_star_forge]
[1612ŒŽ2025 19:05:08.384] [main/INFO] [MixinExtras|Service/]: Initializing MixinExtras via com.llamalad7.mixinextras.service.MixinExtrasServiceImpl(version=0.4.1).
[1612ŒŽ2025 19:05:08.386] [main/DEBUG] [mixin/]: Registering new injector for @SugarWrapper with com.llamalad7.mixinextras.sugar.impl.SugarWrapperInjectionInfo
[1612ŒŽ2025 19:05:08.386] [main/DEBUG] [mixin/]: Registering new injector for @FactoryRedirectWrapper with com.llamalad7.mixinextras.wrapper.factory.FactoryRedirectWrapperInjectionInfo
[1612ŒŽ2025 19:05:08.388] [main/DEBUG] [mixin/]: Mixing EntityMixin from flans_star_forge.mixins.json into net.minecraft.world.entity.Entity
[1612ŒŽ2025 19:05:08.525] [main/DEBUG] [net.minecraftforge.coremod.transformer.CoreModBaseTransformer/COREMOD]: Transforming net/minecraft/world/entity/EntityType
[1612ŒŽ2025 19:05:08.784] [main/DEBUG] [net.minecraftforge.coremod.transformer.CoreModBaseTransformer/COREMOD]: Transforming net/minecraft/world/level/block/LiquidBlock
[1612ŒŽ2025 19:05:08.807] [main/DEBUG] [net.minecraftforge.coremod.transformer.CoreModBaseTransformer/COREMOD]: Transforming net/minecraft/world/level/block/StairBlock
[1612ŒŽ2025 19:05:08.846] [main/DEBUG] [mixin/]: Mixing NetherWartBlockMixin from avaritia.mixins.json into net.minecraft.world.level.block.NetherWartBlock
[1612ŒŽ2025 19:05:08.874] [main/DEBUG] [net.minecraftforge.coremod.transformer.CoreModBaseTransformer/COREMOD]: Transforming net/minecraft/world/level/block/FlowerPotBlock
[1612ŒŽ2025 19:05:08.998] [main/DEBUG] [mixin/]: Mixing BlockEntityMixin from collective_forge.mixins.json into net.minecraft.world.level.block.entity.BlockEntity
[1612ŒŽ2025 19:05:09.215] [main/DEBUG] [mixin/]: Mixing common.AbstractContainerMenuMixin from geckolib.mixins.json into net.minecraft.world.inventory.AbstractContainerMenu
[1612ŒŽ2025 19:05:09.325] [main/DEBUG] [net.minecraftforge.coremod.transformer.CoreModBaseTransformer/COREMOD]: Transforming net/minecraft/world/item/ItemStack
[1612ŒŽ2025 19:05:09.331] [main/DEBUG] [mixin/]: Mixing common.ItemStackMixin from geckolib.mixins.json into net.minecraft.world.item.ItemStack
[1612ŒŽ2025 19:05:09.374] [main/DEBUG] [mixin/]: Mixing WitherBossMixin from flans_star_forge.mixins.json into net.minecraft.world.entity.boss.wither.WitherBoss
[1612ŒŽ2025 19:05:09.385] [main/DEBUG] [net.minecraftforge.coremod.transformer.CoreModBaseTransformer/COREMOD]: Transforming net/minecraft/world/entity/EntityType
[1612ŒŽ2025 19:05:09.719] [main/DEBUG] [net.minecraftforge.coremod.transformer.CoreModBaseTransformer/COREMOD]: Transforming net/minecraft/world/entity/animal/frog/Tadpole
[1612ŒŽ2025 19:05:09.756] [main/DEBUG] [net.minecraftforge.coremod.transformer.CoreModBaseTransformer/COREMOD]: Transforming net/minecraft/world/item/BucketItem
[1612ŒŽ2025 19:05:09.770] [main/DEBUG] [mixin/]: Mixing BoneMealItemMixin from collective_forge.mixins.json into net.minecraft.world.item.BoneMealItem
[1612ŒŽ2025 19:05:10.267] [main/DEBUG] [net.minecraftforge.coremod.transformer.CoreModBaseTransformer/COREMOD]: Transforming net/minecraft/world/entity/monster/Spider
[1612ŒŽ2025 19:05:10.305] [main/DEBUG] [net.minecraftforge.coremod.transformer.CoreModBaseTransformer/COREMOD]: Transforming net/minecraft/world/entity/monster/Zombie
[1612ŒŽ2025 19:05:10.325] [main/DEBUG] [net.minecraftforge.coremod.transformer.CoreModBaseTransformer/COREMOD]: Transforming net/minecraft/world/entity/monster/ZombieVillager
[1612ŒŽ2025 19:05:10.378] [main/DEBUG] [net.minecraftforge.coremod.transformer.CoreModBaseTransformer/COREMOD]: Transforming net/minecraft/world/entity/monster/Evoker$EvokerSummonSpellGoal
[1612ŒŽ2025 19:05:10.466] [main/DEBUG] [net.minecraftforge.coremod.transformer.CoreModBaseTransformer/COREMOD]: Transforming net/minecraft/world/entity/animal/horse/SkeletonTrapGoal
[1612ŒŽ2025 19:05:10.480] [main/DEBUG] [net.minecraftforge.coremod.transformer.CoreModBaseTransformer/COREMOD]: Transforming net/minecraft/world/entity/monster/Strider
[1612ŒŽ2025 19:05:10.584] [main/DEBUG] [net.minecraftforge.coremod.transformer.CoreModBaseTransformer/COREMOD]: Transforming net/minecraft/world/entity/npc/Villager
[1612ŒŽ2025 19:05:10.641] [main/DEBUG] [net.minecraftforge.coremod.transformer.CoreModBaseTransformer/COREMOD]: Transforming net/minecraft/world/effect/MobEffectInstance
[1612ŒŽ2025 19:05:10.695] [main/DEBUG] [mixin/]: Mixing FrostWalkerEnchantmentMixin from avaritia.mixins.json into net.minecraft.world.item.enchantment.FrostWalkerEnchantment
[1612ŒŽ2025 19:05:10.962] [main/DEBUG] [net.minecraftforge.coremod.transformer.CoreModBaseTransformer/COREMOD]: Transforming net/minecraft/world/level/levelgen/structure/Structure
[1612ŒŽ2025 19:05:10.985] [main/DEBUG] [net.minecraftforge.coremod.transformer.CoreModBaseTransformer/COREMOD]: Transforming net/minecraft/world/level/levelgen/structure/structures/OceanRuinPieces$OceanRuinPiece
[1612ŒŽ2025 19:05:10.985] [main/DEBUG] [net.minecraftforge.coremod.transformer.CoreModBaseTransformer/COREMOD]: Transforming net/minecraft/world/level/levelgen/structure/structures/SwampHutPiece
[1612ŒŽ2025 19:05:10.993] [main/DEBUG] [net.minecraftforge.coremod.transformer.CoreModBaseTransformer/COREMOD]: Transforming net/minecraft/world/level/levelgen/structure/structures/OceanMonumentPieces$OceanMonumentPiece
[1612ŒŽ2025 19:05:10.994] [main/DEBUG] [net.minecraftforge.coremod.transformer.CoreModBaseTransformer/COREMOD]: Transforming net/minecraft/world/level/levelgen/structure/structures/WoodlandMansionPieces$WoodlandMansionPiece
[1612ŒŽ2025 19:05:11.045] [main/DEBUG] [net.minecraftforge.coremod.transformer.CoreModBaseTransformer/COREMOD]: Transforming net/minecraft/world/level/biome/Biome
[1612ŒŽ2025 19:05:11.174] [main/DEBUG] [net.minecraftforge.registries.GameData/REGISTRIES]: Creating vanilla freeze snapshot
[1612ŒŽ2025 19:05:11.175] [main/DEBUG] [net.minecraftforge.registries.ForgeRegistry/REGISTRIES]: Registry minecraft:block Sync: VANILLA -> ACTIVE
[1612ŒŽ2025 19:05:11.181] [main/DEBUG] [net.minecraftforge.registries.ForgeRegistry/REGISTRIES]: Registry minecraft:fluid Sync: VANILLA -> ACTIVE
[1612ŒŽ2025 19:05:11.181] [main/DEBUG] [net.minecraftforge.registries.ForgeRegistry/REGISTRIES]: Registry minecraft:item Sync: VANILLA -> ACTIVE
[1612ŒŽ2025 19:05:11.184] [main/DEBUG] [net.minecraftforge.registries.ForgeRegistry/REGISTRIES]: Registry minecraft:mob_effect Sync: VANILLA -> ACTIVE
[1612ŒŽ2025 19:05:11.184] [main/DEBUG] [net.minecraftforge.registries.ForgeRegistry/REGISTRIES]: Registry minecraft:sound_event Sync: VANILLA -> ACTIVE
[1612ŒŽ2025 19:05:11.184] [main/DEBUG] [net.minecraftforge.registries.ForgeRegistry/REGISTRIES]: Registry minecraft:potion Sync: VANILLA -> ACTIVE
[1612ŒŽ2025 19:05:11.184] [main/DEBUG] [net.minecraftforge.registries.ForgeRegistry/REGISTRIES]: Registry minecraft:enchantment Sync: VANILLA -> ACTIVE
[1612ŒŽ2025 19:05:11.184] [main/DEBUG] [net.minecraftforge.registries.ForgeRegistry/REGISTRIES]: Registry minecraft:entity_type Sync: VANILLA -> ACTIVE
[1612ŒŽ2025 19:05:11.184] [main/DEBUG] [net.minecraftforge.registries.ForgeRegistry/REGISTRIES]: Registry minecraft:block_entity_type Sync: VANILLA -> ACTIVE
[1612ŒŽ2025 19:05:11.184] [main/DEBUG] [net.minecraftforge.registries.ForgeRegistry/REGISTRIES]: Registry minecraft:particle_type Sync: VANILLA -> ACTIVE
[1612ŒŽ2025 19:05:11.184] [main/DEBUG] [net.minecraftforge.registries.ForgeRegistry/REGISTRIES]: Registry minecraft:menu Sync: VANILLA -> ACTIVE
[1612ŒŽ2025 19:05:11.184] [main/DEBUG] [net.minecraftforge.registries.ForgeRegistry/REGISTRIES]: Registry minecraft:painting_variant Sync: VANILLA -> ACTIVE
[1612ŒŽ2025 19:05:11.184] [main/DEBUG] [net.minecraftforge.registries.ForgeRegistry/REGISTRIES]: Registry minecraft:recipe_type Sync: VANILLA -> ACTIVE
[1612ŒŽ2025 19:05:11.184] [main/DEBUG] [net.minecraftforge.registries.ForgeRegistry/REGISTRIES]: Registry minecraft:recipe_serializer Sync: VANILLA -> ACTIVE
[1612ŒŽ2025 19:05:11.184] [main/DEBUG] [net.minecraftforge.registries.ForgeRegistry/REGISTRIES]: Registry minecraft:attribute Sync: VANILLA -> ACTIVE
[1612ŒŽ2025 19:05:11.184] [main/DEBUG] [net.minecraftforge.registries.ForgeRegistry/REGISTRIES]: Registry minecraft:stat_type Sync: VANILLA -> ACTIVE
[1612ŒŽ2025 19:05:11.184] [main/DEBUG] [net.minecraftforge.registries.ForgeRegistry/REGISTRIES]: Registry minecraft:command_argument_type Sync: VANILLA -> ACTIVE
[1612ŒŽ2025 19:05:11.184] [main/DEBUG] [net.minecraftforge.registries.ForgeRegistry/REGISTRIES]: Registry minecraft:villager_profession Sync: VANILLA -> ACTIVE
[1612ŒŽ2025 19:05:11.184] [main/DEBUG] [net.minecraftforge.registries.ForgeRegistry/REGISTRIES]: Registry minecraft:point_of_interest_type Sync: VANILLA -> ACTIVE
[1612ŒŽ2025 19:05:11.193] [main/DEBUG] [net.minecraftforge.registries.ForgeRegistry/REGISTRIES]: Registry minecraft:memory_module_type Sync: VANILLA -> ACTIVE
[1612ŒŽ2025 19:05:11.193] [main/DEBUG] [net.minecraftforge.registries.ForgeRegistry/REGISTRIES]: Registry minecraft:sensor_type Sync: VANILLA -> ACTIVE
[1612ŒŽ2025 19:05:11.193] [main/DEBUG] [net.minecraftforge.registries.ForgeRegistry/REGISTRIES]: Registry minecraft:schedule Sync: VANILLA -> ACTIVE
[1612ŒŽ2025 19:05:11.194] [main/DEBUG] [net.minecraftforge.registries.ForgeRegistry/REGISTRIES]: Registry minecraft:activity Sync: VANILLA -> ACTIVE
[1612ŒŽ2025 19:05:11.194] [main/DEBUG] [net.minecraftforge.registries.ForgeRegistry/REGISTRIES]: Registry minecraft:worldgen/carver Sync: VANILLA -> ACTIVE
[1612ŒŽ2025 19:05:11.194] [main/DEBUG] [net.minecraftforge.registries.ForgeRegistry/REGISTRIES]: Registry minecraft:worldgen/feature Sync: VANILLA -> ACTIVE
[1612ŒŽ2025 19:05:11.195] [main/DEBUG] [net.minecraftforge.registries.ForgeRegistry/REGISTRIES]: Registry minecraft:chunk_status Sync: VANILLA -> ACTIVE
[1612ŒŽ2025 19:05:11.195] [main/DEBUG] [net.minecraftforge.registries.ForgeRegistry/REGISTRIES]: Registry minecraft:worldgen/block_state_provider_type Sync: VANILLA -> ACTIVE
[1612ŒŽ2025 19:05:11.195] [main/DEBUG] [net.minecraftforge.registries.ForgeRegistry/REGISTRIES]: Registry minecraft:worldgen/foliage_placer_type Sync: VANILLA -> ACTIVE
[1612ŒŽ2025 19:05:11.195] [main/DEBUG] [net.minecraftforge.registries.ForgeRegistry/REGISTRIES]: Registry minecraft:worldgen/tree_decorator_type Sync: VANILLA -> ACTIVE
[1612ŒŽ2025 19:05:11.195] [main/DEBUG] [net.minecraftforge.registries.ForgeRegistry/REGISTRIES]: Registry minecraft:worldgen/biome Sync: VANILLA -> ACTIVE
[1612ŒŽ2025 19:05:11.197] [main/DEBUG] [net.minecraftforge.registries.GameData/REGISTRIES]: Vanilla freeze snapshot created
[1612ŒŽ2025 19:05:11.214] [main/DEBUG] [net.minecraftforge.fml.ModWorkManager/LOADING]: Using 16 threads for parallel mod-loading
[1612ŒŽ2025 19:05:11.234] [main/DEBUG] [net.minecraftforge.fml.javafmlmod.FMLJavaModLanguageProvider/LOADING]: Loading FMLModContainer from classloader cpw.mods.modlauncher.TransformingClassLoader@43b5021c - got cpw.mods.cl.ModuleClassLoader@4455f57d
[1612ŒŽ2025 19:05:11.234] [main/DEBUG] [net.minecraftforge.fml.javafmlmod.FMLModContainer/LOADING]: Creating FMLModContainer instance for com.llamalad7.mixinextras.platform.forge.MixinExtrasMod
[1612ŒŽ2025 19:05:11.245] [main/DEBUG] [net.minecraftforge.fml.javafmlmod.FMLJavaModLanguageProvider/LOADING]: Loading FMLModContainer from classloader cpw.mods.modlauncher.TransformingClassLoader@43b5021c - got cpw.mods.cl.ModuleClassLoader@4455f57d
[1612ŒŽ2025 19:05:11.245] [main/DEBUG] [net.minecraftforge.fml.javafmlmod.FMLModContainer/LOADING]: Creating FMLModContainer instance for com.natamus.fullbrightnesstoggle.ModForge
[1612ŒŽ2025 19:05:11.245] [main/DEBUG] [net.minecraftforge.fml.javafmlmod.FMLJavaModLanguageProvider/LOADING]: Loading FMLModContainer from classloader cpw.mods.modlauncher.TransformingClassLoader@43b5021c - got cpw.mods.cl.ModuleClassLoader@4455f57d
[1612ŒŽ2025 19:05:11.245] [main/DEBUG] [net.minecraftforge.fml.javafmlmod.FMLModContainer/LOADING]: Creating FMLModContainer instance for net.flansflame.flans_knowledge_lib.FlansKnowLedgeLib
[1612ŒŽ2025 19:05:11.245] [main/DEBUG] [net.minecraftforge.fml.javafmlmod.FMLJavaModLanguageProvider/LOADING]: Loading FMLModContainer from classloader cpw.mods.modlauncher.TransformingClassLoader@43b5021c - got cpw.mods.cl.ModuleClassLoader@4455f57d
[1612ŒŽ2025 19:05:11.245] [main/DEBUG] [net.minecraftforge.fml.javafmlmod.FMLModContainer/LOADING]: Creating FMLModContainer instance for committee.nova.mods.avaritia.Avaritia
[1612ŒŽ2025 19:05:11.248] [main/DEBUG] [net.minecraftforge.fml.javafmlmod.FMLJavaModLanguageProvider/LOADING]: Loading FMLModContainer from classloader cpw.mods.modlauncher.TransformingClassLoader@43b5021c - got cpw.mods.cl.ModuleClassLoader@4455f57d
[1612ŒŽ2025 19:05:11.248] [main/DEBUG] [net.minecraftforge.fml.javafmlmod.FMLModContainer/LOADING]: Creating FMLModContainer instance for snownee.jade.util.CommonProxy
[1612ŒŽ2025 19:05:11.248] [main/DEBUG] [net.minecraftforge.fml.javafmlmod.FMLJavaModLanguageProvider/LOADING]: Loading FMLModContainer from classloader cpw.mods.modlauncher.TransformingClassLoader@43b5021c - got cpw.mods.cl.ModuleClassLoader@4455f57d
[1612ŒŽ2025 19:05:11.248] [main/DEBUG] [net.minecraftforge.fml.javafmlmod.FMLModContainer/LOADING]: Creating FMLModContainer instance for software.bernie.example.GeckoLibMod
[1612ŒŽ2025 19:05:11.248] [main/DEBUG] [net.minecraftforge.fml.javafmlmod.FMLJavaModLanguageProvider/LOADING]: Loading FMLModContainer from classloader cpw.mods.modlauncher.TransformingClassLoader@43b5021c - got cpw.mods.cl.ModuleClassLoader@4455f57d
[1612ŒŽ2025 19:05:11.248] [main/DEBUG] [net.minecraftforge.fml.javafmlmod.FMLModContainer/LOADING]: Creating FMLModContainer instance for net.flansflame.flans_star_forge.FlansStarForge
[1612ŒŽ2025 19:05:11.248] [main/DEBUG] [net.minecraftforge.fml.javafmlmod.FMLJavaModLanguageProvider/LOADING]: Loading FMLModContainer from classloader cpw.mods.modlauncher.TransformingClassLoader@43b5021c - got cpw.mods.cl.ModuleClassLoader@4455f57d
[1612ŒŽ2025 19:05:11.248] [main/DEBUG] [net.minecraftforge.fml.javafmlmod.FMLModContainer/LOADING]: Creating FMLModContainer instance for mezz.jei.forge.JustEnoughItems
[1612ŒŽ2025 19:05:11.253] [main/DEBUG] [net.minecraftforge.fml.javafmlmod.FMLJavaModLanguageProvider/LOADING]: Loading FMLModContainer from classloader cpw.mods.modlauncher.TransformingClassLoader@43b5021c - got cpw.mods.cl.ModuleClassLoader@4455f57d
[1612ŒŽ2025 19:05:11.253] [main/DEBUG] [net.minecraftforge.fml.javafmlmod.FMLModContainer/LOADING]: Creating FMLModContainer instance for mekanism.common.Mekanism
[1612ŒŽ2025 19:05:11.254] [main/DEBUG] [net.minecraftforge.fml.javafmlmod.FMLJavaModLanguageProvider/LOADING]: Loading FMLModContainer from classloader cpw.mods.modlauncher.TransformingClassLoader@43b5021c - got cpw.mods.cl.ModuleClassLoader@4455f57d
[1612ŒŽ2025 19:05:11.254] [main/DEBUG] [net.minecraftforge.fml.javafmlmod.FMLModContainer/LOADING]: Creating FMLModContainer instance for mekanism.additions.common.MekanismAdditions
[1612ŒŽ2025 19:05:11.254] [main/DEBUG] [net.minecraftforge.fml.javafmlmod.FMLJavaModLanguageProvider/LOADING]: Loading FMLModContainer from classloader cpw.mods.modlauncher.TransformingClassLoader@43b5021c - got cpw.mods.cl.ModuleClassLoader@4455f57d
[1612ŒŽ2025 19:05:11.254] [main/DEBUG] [net.minecraftforge.fml.javafmlmod.FMLModContainer/LOADING]: Creating FMLModContainer instance for mekanism.tools.common.MekanismTools
[1612ŒŽ2025 19:05:11.254] [main/DEBUG] [net.minecraftforge.fml.javafmlmod.FMLJavaModLanguageProvider/LOADING]: Loading FMLModContainer from classloader cpw.mods.modlauncher.TransformingClassLoader@43b5021c - got cpw.mods.cl.ModuleClassLoader@4455f57d
[1612ŒŽ2025 19:05:11.254] [main/DEBUG] [net.minecraftforge.fml.javafmlmod.FMLModContainer/LOADING]: Creating FMLModContainer instance for mekanism.generators.common.MekanismGenerators
[1612ŒŽ2025 19:05:11.254] [main/DEBUG] [net.minecraftforge.fml.javafmlmod.FMLJavaModLanguageProvider/LOADING]: Loading FMLModContainer from classloader cpw.mods.modlauncher.TransformingClassLoader@43b5021c - got cpw.mods.cl.ModuleClassLoader@4455f57d
[1612ŒŽ2025 19:05:11.254] [main/DEBUG] [net.minecraftforge.fml.javafmlmod.FMLModContainer/LOADING]: Creating FMLModContainer instance for net.minecraftforge.common.ForgeMod
[1612ŒŽ2025 19:05:11.259] [main/DEBUG] [net.minecraftforge.fml.javafmlmod.FMLJavaModLanguageProvider/LOADING]: Loading FMLModContainer from classloader cpw.mods.modlauncher.TransformingClassLoader@43b5021c - got cpw.mods.cl.ModuleClassLoader@4455f57d
[1612ŒŽ2025 19:05:11.259] [main/DEBUG] [net.minecraftforge.fml.javafmlmod.FMLModContainer/LOADING]: Creating FMLModContainer instance for squeek.appleskin.AppleSkin
[1612ŒŽ2025 19:05:11.259] [main/DEBUG] [net.minecraftforge.fml.javafmlmod.FMLJavaModLanguageProvider/LOADING]: Loading FMLModContainer from classloader cpw.mods.modlauncher.TransformingClassLoader@43b5021c - got cpw.mods.cl.ModuleClassLoader@4455f57d
[1612ŒŽ2025 19:05:11.259] [main/DEBUG] [net.minecraftforge.fml.javafmlmod.FMLModContainer/LOADING]: Creating FMLModContainer instance for com.natamus.collective.CollectiveForge
[1612ŒŽ2025 19:05:11.278] [modloading-worker-0/DEBUG] [net.minecraftforge.fml.javafmlmod.AutomaticEventSubscriber/LOADING]: Attempting to inject @EventBusSubscriber classes into the eventbus for flans_knowledge_lib
[1612ŒŽ2025 19:05:11.278] [modloading-worker-0/DEBUG] [net.minecraftforge.fml.javafmlmod.AutomaticEventSubscriber/LOADING]: Attempting to inject @EventBusSubscriber classes into the eventbus for mixinextras
[1612ŒŽ2025 19:05:11.285] [modloading-worker-0/INFO] [Collective/]: Loading Collective version 8.3.
[1612ŒŽ2025 19:05:11.297] [modloading-worker-0/DEBUG] [mixin/]: Mixing EnchantmentHelperMixin from avaritia.mixins.json into net.minecraft.world.item.enchantment.EnchantmentHelper
[1612ŒŽ2025 19:05:11.323] [modloading-worker-0/DEBUG] [net.minecraftforge.fml.config.ConfigTracker/CONFIG]: Config file jei-server.toml for jei tracking
[1612ŒŽ2025 19:05:11.323] [modloading-worker-0/DEBUG] [net.minecraftforge.fml.config.ConfigTracker/CONFIG]: Config file avaritia-common.toml for avaritia tracking
[1612ŒŽ2025 19:05:11.323] [modloading-worker-0/DEBUG] [net.minecraftforge.fml.config.ConfigTracker/CONFIG]: Config file appleskin-client.toml for appleskin tracking
[1612ŒŽ2025 19:05:11.326] [modloading-worker-0/DEBUG] [net.minecraftforge.versions.forge.ForgeVersion/CORE]: Forge Version package package net.minecraftforge.versions.forge, Forge, version 47.3 from cpw.mods.modlauncher.TransformingClassLoader@43b5021c
[1612ŒŽ2025 19:05:11.326] [modloading-worker-0/DEBUG] [net.minecraftforge.versions.forge.ForgeVersion/CORE]: Found Forge version 47.3.0
[1612ŒŽ2025 19:05:11.326] [modloading-worker-0/DEBUG] [net.minecraftforge.versions.forge.ForgeVersion/CORE]: Found Forge spec 47.3
[1612ŒŽ2025 19:05:11.326] [modloading-worker-0/DEBUG] [net.minecraftforge.versions.forge.ForgeVersion/CORE]: Found Forge group net.minecraftforge
[1612ŒŽ2025 19:05:11.327] [modloading-worker-0/DEBUG] [net.minecraftforge.versions.mcp.MCPVersion/CORE]: MCP Version package package net.minecraftforge.versions.mcp, Minecraft, version 1.20.1 from cpw.mods.modlauncher.TransformingClassLoader@43b5021c
[1612ŒŽ2025 19:05:11.327] [modloading-worker-0/DEBUG] [net.minecraftforge.versions.mcp.MCPVersion/CORE]: Found MC version information 1.20.1
[1612ŒŽ2025 19:05:11.327] [modloading-worker-0/DEBUG] [net.minecraftforge.versions.mcp.MCPVersion/CORE]: Found MCP version information 20230612.114412
[1612ŒŽ2025 19:05:11.327] [modloading-worker-0/INFO] [net.minecraftforge.common.ForgeMod/FORGEMOD]: Forge mod loading, version 47.3.0, for MC 1.20.1 with MCP 20230612.114412
[1612ŒŽ2025 19:05:11.328] [modloading-worker-0/INFO] [net.minecraftforge.common.MinecraftForge/FORGE]: MinecraftForge v47.3.0 Initialized
[1612ŒŽ2025 19:05:11.344] [modloading-worker-0/DEBUG] [net.minecraftforge.fml.javafmlmod.AutomaticEventSubscriber/LOADING]: Attempting to inject @EventBusSubscriber classes into the eventbus for fullbrightnesstoggle
[1612ŒŽ2025 19:05:11.344] [modloading-worker-0/DEBUG] [net.minecraftforge.fml.javafmlmod.AutomaticEventSubscriber/LOADING]: Attempting to inject @EventBusSubscriber classes into the eventbus for appleskin
[1612ŒŽ2025 19:05:11.363] [modloading-worker-0/DEBUG] [mixin/]: Mixing TitleScreenMixin from collective_forge.mixins.json into net.minecraft.client.gui.screens.TitleScreen
[1612ŒŽ2025 19:05:11.379] [modloading-worker-0/DEBUG] [net.minecraftforge.fml.javafmlmod.AutomaticEventSubscriber/LOADING]: Attempting to inject @EventBusSubscriber classes into the eventbus for collective
[1612ŒŽ2025 19:05:11.388] [modloading-worker-0/DEBUG] [net.minecraftforge.fml.javafmlmod.AutomaticEventSubscriber/LOADING]: Auto-subscribing com.natamus.collective.forge.events.RegisterCollectiveForgeEvents to FORGE
[1612ŒŽ2025 19:05:11.396] [modloading-worker-0/DEBUG] [mezz.jei.common.platform.Services/]: Loaded mezz.jei.forge.platform.PlatformHelper@75b2baac for service interface mezz.jei.common.platform.IPlatformHelper
[1612ŒŽ2025 19:05:11.396] [modloading-worker-0/WARN] [software.bernie.geckolib.GeckoLib/]: Minecraft.getInstance() was null, could not register reload listeners
[1612ŒŽ2025 19:05:11.404] [modloading-worker-0/DEBUG] [net.minecraftforge.fml.config.ConfigTracker/CONFIG]: Config file Mekanism/tools.toml for mekanismtools tracking
[1612ŒŽ2025 19:05:11.404] [modloading-worker-0/DEBUG] [net.minecraftforge.fml.config.ConfigTracker/CONFIG]: Config file Mekanism/tools-client.toml for mekanismtools tracking
[1612ŒŽ2025 19:05:11.421] [modloading-worker-0/DEBUG] [net.minecraftforge.fml.config.ConfigTracker/CONFIG]: Config file Mekanism/additions-client.toml for mekanismadditions tracking
[1612ŒŽ2025 19:05:11.421] [modloading-worker-0/DEBUG] [net.minecraftforge.fml.config.ConfigTracker/CONFIG]: Config file Mekanism/additions.toml for mekanismadditions tracking
[1612ŒŽ2025 19:05:11.427] [modloading-worker-0/DEBUG] [net.minecraftforge.fml.javafmlmod.AutomaticEventSubscriber/LOADING]: Attempting to inject @EventBusSubscriber classes into the eventbus for flans_star_forge
[1612ŒŽ2025 19:05:11.427] [modloading-worker-0/DEBUG] [net.minecraftforge.fml.javafmlmod.AutomaticEventSubscriber/LOADING]: Auto-subscribing net.flansflame.flans_knowledge_lib.client.event.BossBarEvent to FORGE
[1612ŒŽ2025 19:05:11.430] [modloading-worker-0/DEBUG] [net.minecraftforge.fml.javafmlmod.AutomaticEventSubscriber/LOADING]: Auto-subscribing net.flansflame.flans_star_forge.client.entity.EntityRenderer to MOD
[1612ŒŽ2025 19:05:11.435] [modloading-worker-0/DEBUG] [net.minecraftforge.fml.javafmlmod.AutomaticEventSubscriber/LOADING]: Attempting to inject @EventBusSubscriber classes into the eventbus for jade
[1612ŒŽ2025 19:05:11.435] [modloading-worker-0/DEBUG] [io.netty.util.internal.PlatformDependent0/]: -Dio.netty.noUnsafe: false
[1612ŒŽ2025 19:05:11.435] [modloading-worker-0/DEBUG] [io.netty.util.internal.PlatformDependent0/]: Java version: 17
[1612ŒŽ2025 19:05:11.441] [modloading-worker-0/DEBUG] [io.netty.util.internal.PlatformDependent0/]: sun.misc.Unsafe.theUnsafe: available
[1612ŒŽ2025 19:05:11.441] [modloading-worker-0/DEBUG] [io.netty.util.internal.PlatformDependent0/]: sun.misc.Unsafe.copyMemory: available
[1612ŒŽ2025 19:05:11.443] [modloading-worker-0/DEBUG] [io.netty.util.internal.PlatformDependent0/]: sun.misc.Unsafe.storeFence: available
[1612ŒŽ2025 19:05:11.443] [modloading-worker-0/DEBUG] [net.minecraftforge.fml.javafmlmod.AutomaticEventSubscriber/LOADING]: Auto-subscribing net.flansflame.flans_star_forge.client.keys.ModKeyBindings to MOD
[1612ŒŽ2025 19:05:11.443] [modloading-worker-0/DEBUG] [io.netty.util.internal.PlatformDependent0/]: java.nio.Buffer.address: available
[1612ŒŽ2025 19:05:11.444] [modloading-worker-0/DEBUG] [net.minecraftforge.fml.javafmlmod.AutomaticEventSubscriber/LOADING]: Auto-subscribing net.flansflame.flans_star_forge.data.ModDataGenerator to MOD
[1612ŒŽ2025 19:05:11.444] [modloading-worker-0/DEBUG] [net.minecraftforge.fml.javafmlmod.AutomaticEventSubscriber/LOADING]: Auto-subscribing net.flansflame.flans_star_forge.event.MeteorEvents to FORGE
[1612ŒŽ2025 19:05:11.444] [modloading-worker-0/DEBUG] [net.minecraftforge.fml.javafmlmod.AutomaticEventSubscriber/LOADING]: Auto-subscribing net.flansflame.flans_star_forge.event.MobStrengthenEvents to FORGE
[1612ŒŽ2025 19:05:11.455] [modloading-worker-0/DEBUG] [net.minecraftforge.fml.javafmlmod.AutomaticEventSubscriber/LOADING]: Auto-subscribing net.flansflame.flans_star_forge.event.PlayerEvents to FORGE
[1612ŒŽ2025 19:05:11.458] [modloading-worker-0/DEBUG] [net.minecraftforge.fml.javafmlmod.AutomaticEventSubscriber/LOADING]: Auto-subscribing net.flansflame.flans_star_forge.event.WitherEvents to FORGE
[1612ŒŽ2025 19:05:11.465] [modloading-worker-0/DEBUG] [net.minecraftforge.fml.javafmlmod.AutomaticEventSubscriber/LOADING]: Auto-subscribing net.flansflame.flans_star_forge.FlansStarForge$ClientModEvents to MOD
[1612ŒŽ2025 19:05:11.465] [modloading-worker-0/DEBUG] [net.minecraftforge.fml.javafmlmod.AutomaticEventSubscriber/LOADING]: Auto-subscribing net.flansflame.flans_star_forge.network.ModKeyBindMessage to MOD
[1612ŒŽ2025 19:05:11.444] [modloading-worker-0/DEBUG] [io.netty.util.internal.PlatformDependent0/]: direct buffer constructor: unavailable
java.lang.UnsupportedOperationException: Reflective setAccessible(true) disabled
	at io.netty.util.internal.ReflectionUtil.trySetAccessible(ReflectionUtil.java:31) ~[netty-common-4.1.82.Final.jar%23151!/:4.1.82.Final]
	at io.netty.util.internal.PlatformDependent0$5.run(PlatformDependent0.java:288) ~[netty-common-4.1.82.Final.jar%23151!/:4.1.82.Final]
	at java.security.AccessController.doPrivileged(AccessController.java:318) ~[?:?]
	at io.netty.util.internal.PlatformDependent0.<clinit>(PlatformDependent0.java:282) ~[netty-common-4.1.82.Final.jar%23151!/:4.1.82.Final]
	at io.netty.util.internal.PlatformDependent.isAndroid(PlatformDependent.java:333) ~[netty-common-4.1.82.Final.jar%23151!/:4.1.82.Final]
	at io.netty.util.internal.PlatformDependent.<clinit>(PlatformDependent.java:88) ~[netty-common-4.1.82.Final.jar%23151!/:4.1.82.Final]
	at io.netty.util.ConstantPool.<init>(ConstantPool.java:34) ~[netty-common-4.1.82.Final.jar%23151!/:4.1.82.Final]
	at io.netty.util.AttributeKey$1.<init>(AttributeKey.java:27) ~[netty-common-4.1.82.Final.jar%23151!/:4.1.82.Final]
	at io.netty.util.AttributeKey.<clinit>(AttributeKey.java:27) ~[netty-common-4.1.82.Final.jar%23151!/:4.1.82.Final]
	at net.minecraftforge.network.NetworkConstants.<clinit>(NetworkConstants.java:34) ~[forge-1.20.1-47.3.0_mapped_official_1.20.1-recomp.jar%23190%23197!/:?]
	at net.minecraftforge.common.ForgeMod.<init>(ForgeMod.java:429) ~[forge-1.20.1-47.3.0_mapped_official_1.20.1-recomp.jar%23190%23197!/:?]
	at jdk.internal.reflect.NativeConstructorAccessorImpl.newInstance0(Native Method) ~[?:?]
	at jdk.internal.reflect.NativeConstructorAccessorImpl.newInstance(NativeConstructorAccessorImpl.java:77) ~[?:?]
	at jdk.internal.reflect.DelegatingConstructorAccessorImpl.newInstance(DelegatingConstructorAccessorImpl.java:45) ~[?:?]
	at java.lang.reflect.Constructor.newInstanceWithCaller(Constructor.java:500) ~[?:?]
	at java.lang.reflect.Constructor.newInstance(Constructor.java:481) ~[?:?]
	at net.minecraftforge.fml.javafmlmod.FMLModContainer.constructMod(FMLModContainer.java:70) ~[javafmllanguage-1.20.1-47.3.0.jar%23192!/:?]
	at net.minecraftforge.fml.ModContainer.lambda$buildTransitionHandler$4(ModContainer.java:124) ~[fmlcore-1.20.1-47.3.0.jar%23195!/:?]
	at java.util.concurrent.CompletableFuture$AsyncRun.run(CompletableFuture.java:1804) ~[?:?]
	at java.util.concurrent.CompletableFuture$AsyncRun.exec(CompletableFuture.java:1796) ~[?:?]
	at java.util.concurrent.ForkJoinTask.doExec(ForkJoinTask.java:373) ~[?:?]
	at java.util.concurrent.ForkJoinPool$WorkQueue.topLevelExec(ForkJoinPool.java:1182) ~[?:?]
	at java.util.concurrent.ForkJoinPool.scan(ForkJoinPool.java:1655) ~[?:?]
	at java.util.concurrent.ForkJoinPool.runWorker(ForkJoinPool.java:1622) ~[?:?]
	at java.util.concurrent.ForkJoinWorkerThread.run(ForkJoinWorkerThread.java:165) ~[?:?]
[1612ŒŽ2025 19:05:11.467] [modloading-worker-0/DEBUG] [io.netty.util.internal.PlatformDependent0/]: java.nio.Bits.unaligned: available, true
[1612ŒŽ2025 19:05:11.470] [modloading-worker-0/DEBUG] [net.minecraftforge.fml.javafmlmod.AutomaticEventSubscriber/LOADING]: Auto-subscribing net.flansflame.flans_star_forge.variable.ModVariables$EventBusVariableHandlers to FORGE
[1612ŒŽ2025 19:05:11.470] [modloading-worker-0/DEBUG] [io.netty.util.internal.PlatformDependent0/]: jdk.internal.misc.Unsafe.allocateUninitializedArray(int): unavailable
java.lang.IllegalAccessException: class io.netty.util.internal.PlatformDependent0$7 (in module io.netty.common) cannot access class jdk.internal.misc.Unsafe (in module java.base) because module java.base does not export jdk.internal.misc to module io.netty.common
	at jdk.internal.reflect.Reflection.newIllegalAccessException(Reflection.java:392) ~[?:?]
	at java.lang.reflect.AccessibleObject.checkAccess(AccessibleObject.java:674) ~[?:?]
	at java.lang.reflect.Method.invoke(Method.java:561) ~[?:?]
	at io.netty.util.internal.PlatformDependent0$7.run(PlatformDependent0.java:410) ~[netty-common-4.1.82.Final.jar%23151!/:4.1.82.Final]
	at java.security.AccessController.doPrivileged(AccessController.java:318) ~[?:?]
	at io.netty.util.internal.PlatformDependent0.<clinit>(PlatformDependent0.java:401) ~[netty-common-4.1.82.Final.jar%23151!/:4.1.82.Final]
	at io.netty.util.internal.PlatformDependent.isAndroid(PlatformDependent.java:333) ~[netty-common-4.1.82.Final.jar%23151!/:4.1.82.Final]
	at io.netty.util.internal.PlatformDependent.<clinit>(PlatformDependent.java:88) ~[netty-common-4.1.82.Final.jar%23151!/:4.1.82.Final]
	at io.netty.util.ConstantPool.<init>(ConstantPool.java:34) ~[netty-common-4.1.82.Final.jar%23151!/:4.1.82.Final]
	at io.netty.util.AttributeKey$1.<init>(AttributeKey.java:27) ~[netty-common-4.1.82.Final.jar%23151!/:4.1.82.Final]
	at io.netty.util.AttributeKey.<clinit>(AttributeKey.java:27) ~[netty-common-4.1.82.Final.jar%23151!/:4.1.82.Final]
	at net.minecraftforge.network.NetworkConstants.<clinit>(NetworkConstants.java:34) ~[forge-1.20.1-47.3.0_mapped_official_1.20.1-recomp.jar%23190%23197!/:?]
	at net.minecraftforge.common.ForgeMod.<init>(ForgeMod.java:429) ~[forge-1.20.1-47.3.0_mapped_official_1.20.1-recomp.jar%23190%23197!/:?]
	at jdk.internal.reflect.NativeConstructorAccessorImpl.newInstance0(Native Method) ~[?:?]
	at jdk.internal.reflect.NativeConstructorAccessorImpl.newInstance(NativeConstructorAccessorImpl.java:77) ~[?:?]
	at jdk.internal.reflect.DelegatingConstructorAccessorImpl.newInstance(DelegatingConstructorAccessorImpl.java:45) ~[?:?]
	at java.lang.reflect.Constructor.newInstanceWithCaller(Constructor.java:500) ~[?:?]
	at java.lang.reflect.Constructor.newInstance(Constructor.java:481) ~[?:?]
	at net.minecraftforge.fml.javafmlmod.FMLModContainer.constructMod(FMLModContainer.java:70) ~[javafmllanguage-1.20.1-47.3.0.jar%23192!/:?]
	at net.minecraftforge.fml.ModContainer.lambda$buildTransitionHandler$4(ModContainer.java:124) ~[fmlcore-1.20.1-47.3.0.jar%23195!/:?]
	at java.util.concurrent.CompletableFuture$AsyncRun.run(CompletableFuture.java:1804) ~[?:?]
	at java.util.concurrent.CompletableFuture$AsyncRun.exec(CompletableFuture.java:1796) ~[?:?]
	at java.util.concurrent.ForkJoinTask.doExec(ForkJoinTask.java:373) ~[?:?]
	at java.util.concurrent.ForkJoinPool$WorkQueue.topLevelExec(ForkJoinPool.java:1182) ~[?:?]
	at java.util.concurrent.ForkJoinPool.scan(ForkJoinPool.java:1655) ~[?:?]
	at java.util.concurrent.ForkJoinPool.runWorker(ForkJoinPool.java:1622) ~[?:?]
	at java.util.concurrent.ForkJoinWorkerThread.run(ForkJoinWorkerThread.java:165) ~[?:?]
[1612ŒŽ2025 19:05:11.472] [modloading-worker-0/DEBUG] [io.netty.util.internal.PlatformDependent0/]: java.nio.DirectByteBuffer.<init>(long, int): unavailable
[1612ŒŽ2025 19:05:11.472] [modloading-worker-0/DEBUG] [io.netty.util.internal.PlatformDependent/]: sun.misc.Unsafe: available
[1612ŒŽ2025 19:05:11.473] [modloading-worker-0/DEBUG] [io.netty.util.internal.PlatformDependent/]: maxDirectMemory: 8514437120 bytes (maybe)
[1612ŒŽ2025 19:05:11.474] [modloading-worker-0/DEBUG] [io.netty.util.internal.PlatformDependent/]: -Dio.netty.tmpdir: C:\Users\kai10\AppData\Local\Temp (java.io.tmpdir)
[1612ŒŽ2025 19:05:11.474] [modloading-worker-0/DEBUG] [io.netty.util.internal.PlatformDependent/]: -Dio.netty.bitMode: 64 (sun.arch.data.model)
[1612ŒŽ2025 19:05:11.475] [modloading-worker-0/DEBUG] [io.netty.util.internal.PlatformDependent/]: Platform: Windows
[1612ŒŽ2025 19:05:11.475] [modloading-worker-0/DEBUG] [io.netty.util.internal.PlatformDependent/]: -Dio.netty.maxDirectMemory: -1 bytes
[1612ŒŽ2025 19:05:11.475] [modloading-worker-0/DEBUG] [io.netty.util.internal.PlatformDependent/]: -Dio.netty.uninitializedArrayAllocationThreshold: -1
[1612ŒŽ2025 19:05:11.475] [modloading-worker-0/DEBUG] [io.netty.util.internal.CleanerJava9/]: java.nio.ByteBuffer.cleaner(): available
[1612ŒŽ2025 19:05:11.475] [modloading-worker-0/DEBUG] [io.netty.util.internal.PlatformDependent/]: -Dio.netty.noPreferDirect: false
[1612ŒŽ2025 19:05:11.475] [modloading-worker-0/DEBUG] [net.minecraftforge.fml.javafmlmod.AutomaticEventSubscriber/LOADING]: Auto-subscribing net.flansflame.flans_star_forge.variable.ModVariables$PlayerVariablesProvider to FORGE
[1612ŒŽ2025 19:05:11.482] [modloading-worker-0/DEBUG] [net.minecraftforge.fml.javafmlmod.AutomaticEventSubscriber/LOADING]: Attempting to inject @EventBusSubscriber classes into the eventbus for mekanismtools
[1612ŒŽ2025 19:05:11.482] [modloading-worker-0/DEBUG] [net.minecraftforge.fml.javafmlmod.AutomaticEventSubscriber/LOADING]: Auto-subscribing mekanism.tools.client.ToolsClientRegistration to MOD
[1612ŒŽ2025 19:05:11.484] [modloading-worker-0/DEBUG] [net.minecraftforge.fml.javafmlmod.AutomaticEventSubscriber/LOADING]: Auto-subscribing net.flansflame.flans_star_forge.variable.ModVariables to MOD
[1612ŒŽ2025 19:05:11.487] [modloading-worker-0/DEBUG] [net.minecraftforge.fml.javafmlmod.AutomaticEventSubscriber/LOADING]: Attempting to inject @EventBusSubscriber classes into the eventbus for geckolib
[1612ŒŽ2025 19:05:11.487] [modloading-worker-0/DEBUG] [net.minecraftforge.fml.javafmlmod.AutomaticEventSubscriber/LOADING]: Auto-subscribing software.bernie.example.GeckoLibMod to FORGE
[1612ŒŽ2025 19:05:11.487] [modloading-worker-0/DEBUG] [net.minecraftforge.fml.javafmlmod.AutomaticEventSubscriber/LOADING]: Auto-subscribing software.bernie.example.CommonListener to MOD
[1612ŒŽ2025 19:05:11.487] [modloading-worker-0/DEBUG] [net.minecraftforge.fml.javafmlmod.AutomaticEventSubscriber/LOADING]: Auto-subscribing software.bernie.example.ClientListener to MOD
[1612ŒŽ2025 19:05:11.495] [modloading-worker-0/DEBUG] [net.minecraftforge.fml.javafmlmod.AutomaticEventSubscriber/LOADING]: Auto-subscribing net.flansflame.flans_star_forge.world.entity.ModEntities to MOD
[1612ŒŽ2025 19:05:11.495] [modloading-worker-0/DEBUG] [net.minecraftforge.fml.javafmlmod.AutomaticEventSubscriber/LOADING]: Auto-subscribing net.flansflame.flans_star_forge.world.particle.ModParticles to MOD
[1612ŒŽ2025 19:05:11.515] [modloading-worker-0/DEBUG] [mezz.jei.common.config.file.ConfigSerializer/]: Loading config file: C:\Users\kai10\main\forge\ReFlansStarForge\run-data\config\jei\jei-debug.ini
[1612ŒŽ2025 19:05:11.521] [modloading-worker-0/DEBUG] [mezz.jei.common.config.file.ConfigSerializer/]: Saving config file: C:\Users\kai10\main\forge\ReFlansStarForge\run-data\config\jei\jei-debug.ini
[1612ŒŽ2025 19:05:11.524] [modloading-worker-0/DEBUG] [net.minecraftforge.common.ForgeMod/FORGEMOD]: Loading Network data for FML net version: FML3
[1612ŒŽ2025 19:05:11.524] [modloading-worker-0/DEBUG] [net.minecraftforge.fml.config.ConfigTracker/CONFIG]: Config file Mekanism/client.toml for mekanism tracking
[1612ŒŽ2025 19:05:11.524] [modloading-worker-0/DEBUG] [net.minecraftforge.fml.config.ConfigTracker/CONFIG]: Config file Mekanism/common.toml for mekanism tracking
[1612ŒŽ2025 19:05:11.524] [modloading-worker-0/DEBUG] [net.minecraftforge.fml.config.ConfigTracker/CONFIG]: Config file Mekanism/general.toml for mekanism tracking
[1612ŒŽ2025 19:05:11.524] [modloading-worker-0/DEBUG] [net.minecraftforge.fml.config.ConfigTracker/CONFIG]: Config file Mekanism/gear.toml for mekanism tracking
[1612ŒŽ2025 19:05:11.524] [modloading-worker-0/DEBUG] [net.minecraftforge.fml.config.ConfigTracker/CONFIG]: Config file Mekanism/machine-storage.toml for mekanism tracking
[1612ŒŽ2025 19:05:11.524] [modloading-worker-0/DEBUG] [net.minecraftforge.fml.config.ConfigTracker/CONFIG]: Config file Mekanism/tiers.toml for mekanism tracking
[1612ŒŽ2025 19:05:11.524] [modloading-worker-0/DEBUG] [net.minecraftforge.fml.config.ConfigTracker/CONFIG]: Config file Mekanism/machine-usage.toml for mekanism tracking
[1612ŒŽ2025 19:05:11.524] [modloading-worker-0/DEBUG] [net.minecraftforge.fml.config.ConfigTracker/CONFIG]: Config file Mekanism/world.toml for mekanism tracking
[1612ŒŽ2025 19:05:11.524] [modloading-worker-0/DEBUG] [mezz.jei.common.config.file.ConfigSerializer/]: Loading config file: C:\Users\kai10\main\forge\ReFlansStarForge\run-data\config\jei\jei-mod-id-format.ini
[1612ŒŽ2025 19:05:11.533] [modloading-worker-0/DEBUG] [mezz.jei.common.config.file.ConfigSerializer/]: Saving config file: C:\Users\kai10\main\forge\ReFlansStarForge\run-data\config\jei\jei-mod-id-format.ini
[1612ŒŽ2025 19:05:11.540] [modloading-worker-0/DEBUG] [net.minecraftforge.fml.config.ConfigTracker/CONFIG]: Config file forge-client.toml for forge tracking
[1612ŒŽ2025 19:05:11.540] [modloading-worker-0/DEBUG] [net.minecraftforge.fml.config.ConfigTracker/CONFIG]: Config file forge-server.toml for forge tracking
[1612ŒŽ2025 19:05:11.540] [modloading-worker-0/DEBUG] [net.minecraftforge.fml.ModLoadingContext/]: Attempted to register an empty config for type COMMON on mod forge
[1612ŒŽ2025 19:05:11.544] [modloading-worker-0/DEBUG] [mezz.jei.common.config.file.ConfigSerializer/]: Loading config file: C:\Users\kai10\main\forge\ReFlansStarForge\run-data\config\jei\jei-colors.ini
[1612ŒŽ2025 19:05:11.545] [modloading-worker-0/DEBUG] [mezz.jei.common.config.file.ConfigSerializer/]: Saving config file: C:\Users\kai10\main\forge\ReFlansStarForge\run-data\config\jei\jei-colors.ini
[1612ŒŽ2025 19:05:11.563] [modloading-worker-0/DEBUG] [net.minecraftforge.fml.javafmlmod.AutomaticEventSubscriber/LOADING]: Attempting to inject @EventBusSubscriber classes into the eventbus for avaritia
[1612ŒŽ2025 19:05:11.563] [modloading-worker-0/DEBUG] [net.minecraftforge.fml.javafmlmod.AutomaticEventSubscriber/LOADING]: Auto-subscribing committee.nova.mods.avaritia.init.registry.ModRecipeSerializers to FORGE
[1612ŒŽ2025 19:05:11.563] [modloading-worker-0/DEBUG] [net.minecraftforge.fml.javafmlmod.AutomaticEventSubscriber/LOADING]: Auto-subscribing committee.nova.mods.avaritia.init.handler.SingularityRegistryHandler to FORGE
[1612ŒŽ2025 19:05:11.565] [modloading-worker-0/DEBUG] [net.minecraftforge.fml.config.ConfigTracker/CONFIG]: Config file Mekanism/generators.toml for mekanismgenerators tracking
[1612ŒŽ2025 19:05:11.565] [modloading-worker-0/DEBUG] [net.minecraftforge.fml.config.ConfigTracker/CONFIG]: Config file Mekanism/generators-gear.toml for mekanismgenerators tracking
[1612ŒŽ2025 19:05:11.565] [modloading-worker-0/DEBUG] [net.minecraftforge.fml.config.ConfigTracker/CONFIG]: Config file Mekanism/generator-storage.toml for mekanismgenerators tracking
[1612ŒŽ2025 19:05:11.568] [modloading-worker-0/DEBUG] [mezz.jei.common.config.file.ConfigSerializer/]: Loading config file: C:\Users\kai10\main\forge\ReFlansStarForge\run-data\config\jei\jei-client.ini
[1612ŒŽ2025 19:05:11.569] [modloading-worker-0/DEBUG] [mezz.jei.common.config.file.ConfigSerializer/]: Saving config file: C:\Users\kai10\main\forge\ReFlansStarForge\run-data\config\jei\jei-client.ini
[1612ŒŽ2025 19:05:11.573] [modloading-worker-0/DEBUG] [net.minecraftforge.fml.javafmlmod.AutomaticEventSubscriber/LOADING]: Attempting to inject @EventBusSubscriber classes into the eventbus for forge
[1612ŒŽ2025 19:05:11.573] [modloading-worker-0/DEBUG] [net.minecraftforge.fml.javafmlmod.AutomaticEventSubscriber/LOADING]: Auto-subscribing net.minecraftforge.common.ForgeSpawnEggItem$CommonHandler to MOD
[1612ŒŽ2025 19:05:11.574] [modloading-worker-0/DEBUG] [net.minecraftforge.fml.javafmlmod.AutomaticEventSubscriber/LOADING]: Auto-subscribing net.minecraftforge.common.ForgeSpawnEggItem$ColorRegisterHandler to MOD
[1612ŒŽ2025 19:05:11.580] [modloading-worker-0/DEBUG] [net.minecraftforge.fml.javafmlmod.AutomaticEventSubscriber/LOADING]: Auto-subscribing committee.nova.mods.avaritia.init.handler.ResourceReloadHandler to FORGE
[1612ŒŽ2025 19:05:11.580] [modloading-worker-0/INFO] [mezz.jei.library.load.PluginCaller/]: Sending ConfigManager...
[1612ŒŽ2025 19:05:11.580] [modloading-worker-0/DEBUG] [net.minecraftforge.fml.javafmlmod.AutomaticEventSubscriber/LOADING]: Auto-subscribing net.minecraftforge.client.model.data.ModelDataManager to FORGE
[1612ŒŽ2025 19:05:11.585] [modloading-worker-0/DEBUG] [net.minecraftforge.fml.javafmlmod.AutomaticEventSubscriber/LOADING]: Auto-subscribing committee.nova.mods.avaritia.init.handler.NetworkHandler to MOD
[1612ŒŽ2025 19:05:11.585] [modloading-worker-0/DEBUG] [net.minecraftforge.fml.javafmlmod.AutomaticEventSubscriber/LOADING]: Auto-subscribing net.minecraftforge.client.ForgeHooksClient$ClientEvents to MOD
[1612ŒŽ2025 19:05:11.585] [modloading-worker-0/DEBUG] [mezz.jei.library.load.PluginCallerTimerRunnable/]: Sending ConfigManager: jei:minecraft...
[1612ŒŽ2025 19:05:11.585] [modloading-worker-0/DEBUG] [mezz.jei.library.load.PluginCallerTimerRunnable/]: Sending ConfigManager: avaritia:jei_plugin...
[1612ŒŽ2025 19:05:11.585] [modloading-worker-0/DEBUG] [mezz.jei.library.load.PluginCallerTimerRunnable/]: Sending ConfigManager: jade:main...
[1612ŒŽ2025 19:05:11.585] [modloading-worker-0/DEBUG] [mezz.jei.library.load.PluginCallerTimerRunnable/]: Sending ConfigManager: jei:debug...
[1612ŒŽ2025 19:05:11.585] [modloading-worker-0/DEBUG] [mezz.jei.library.load.PluginCallerTimerRunnable/]: Sending ConfigManager: jei:gui...
[1612ŒŽ2025 19:05:11.585] [modloading-worker-0/DEBUG] [mezz.jei.library.load.PluginCallerTimerRunnable/]: Sending ConfigManager: jei:forge_gui...
[1612ŒŽ2025 19:05:11.585] [modloading-worker-0/DEBUG] [mezz.jei.library.load.PluginCallerTimerRunnable/]: Sending ConfigManager: mekanism:jei_plugin...
[1612ŒŽ2025 19:05:11.585] [modloading-worker-0/DEBUG] [mezz.jei.library.load.PluginCallerTimerRunnable/]: Sending ConfigManager: mekanismtools:jei_plugin...
[1612ŒŽ2025 19:05:11.585] [modloading-worker-0/DEBUG] [mezz.jei.library.load.PluginCallerTimerRunnable/]: Sending ConfigManager: mekanismgenerators:jei_plugin...
[1612ŒŽ2025 19:05:11.585] [modloading-worker-0/DEBUG] [mezz.jei.library.load.PluginCallerTimerRunnable/]: Sending ConfigManager: jei:internal...
[1612ŒŽ2025 19:05:11.585] [modloading-worker-0/DEBUG] [net.minecraftforge.fml.javafmlmod.AutomaticEventSubscriber/LOADING]: Auto-subscribing committee.nova.mods.avaritia.init.handler.ItemOverrideHandler to MOD
[1612ŒŽ2025 19:05:11.591] [modloading-worker-0/INFO] [mezz.jei.library.load.PluginCaller/]: Sending ConfigManager took 6.787 ms
[1612ŒŽ2025 19:05:11.593] [modloading-worker-0/DEBUG] [net.minecraftforge.fml.javafmlmod.AutomaticEventSubscriber/LOADING]: Auto-subscribing committee.nova.mods.avaritia.init.handler.ItemCaptureHandler to FORGE
[1612ŒŽ2025 19:05:11.595] [modloading-worker-0/DEBUG] [net.minecraftforge.fml.javafmlmod.AutomaticEventSubscriber/LOADING]: Auto-subscribing committee.nova.mods.avaritia.init.handler.InternalRecipeHandler to FORGE
[1612ŒŽ2025 19:05:11.599] [modloading-worker-0/DEBUG] [mixin/]: Mixing RecipeManagerMixin from avaritia.mixins.json into net.minecraft.world.item.crafting.RecipeManager
[1612ŒŽ2025 19:05:11.635] [modloading-worker-0/DEBUG] [net.minecraftforge.fml.javafmlmod.AutomaticEventSubscriber/LOADING]: Auto-subscribing net.minecraftforge.client.ClientForgeMod to MOD
[1612ŒŽ2025 19:05:11.638] [modloading-worker-0/DEBUG] [net.minecraftforge.fml.javafmlmod.AutomaticEventSubscriber/LOADING]: Auto-subscribing committee.nova.mods.avaritia.init.handler.InfinityHandler to FORGE
[1612ŒŽ2025 19:05:11.641] [modloading-worker-0/DEBUG] [net.minecraftforge.fml.javafmlmod.AutomaticEventSubscriber/LOADING]: Attempting to inject @EventBusSubscriber classes into the eventbus for jei
[1612ŒŽ2025 19:05:11.654] [modloading-worker-0/DEBUG] [net.minecraftforge.fml.javafmlmod.AutomaticEventSubscriber/LOADING]: Attempting to inject @EventBusSubscriber classes into the eventbus for mekanismadditions
[1612ŒŽ2025 19:05:11.654] [modloading-worker-0/DEBUG] [net.minecraftforge.fml.javafmlmod.AutomaticEventSubscriber/LOADING]: Auto-subscribing mekanism.additions.client.AdditionsClientRegistration to MOD
[1612ŒŽ2025 19:05:11.666] [modloading-worker-0/DEBUG] [net.minecraftforge.fml.javafmlmod.AutomaticEventSubscriber/LOADING]: Auto-subscribing committee.nova.mods.avaritia.init.handler.CapHandler to FORGE
[1612ŒŽ2025 19:05:11.666] [modloading-worker-0/DEBUG] [net.minecraftforge.fml.javafmlmod.AutomaticEventSubscriber/LOADING]: Auto-subscribing committee.nova.mods.avaritia.init.handler.AttributesHandler to MOD
[1612ŒŽ2025 19:05:11.686] [modloading-worker-0/DEBUG] [net.minecraftforge.fml.javafmlmod.AutomaticEventSubscriber/LOADING]: Auto-subscribing committee.nova.mods.avaritia.init.handler.AbilityHandler to FORGE
[1612ŒŽ2025 19:05:11.694] [modloading-worker-0/DEBUG] [net.minecraftforge.fml.javafmlmod.AutomaticEventSubscriber/LOADING]: Auto-subscribing committee.nova.mods.avaritia.core.channel.ServerChannelManager to FORGE
[1612ŒŽ2025 19:05:11.701] [modloading-worker-0/DEBUG] [net.minecraftforge.fml.javafmlmod.AutomaticEventSubscriber/LOADING]: Auto-subscribing committee.nova.mods.avaritia.core.channel.ClientChannelManager to FORGE
[1612ŒŽ2025 19:05:11.706] [modloading-worker-0/DEBUG] [net.minecraftforge.fml.javafmlmod.AutomaticEventSubscriber/LOADING]: Auto-subscribing committee.nova.mods.avaritia.common.item.misc.InfinityClockItem$TickHandler to FORGE
[1612ŒŽ2025 19:05:11.706] [modloading-worker-0/DEBUG] [net.minecraftforge.fml.javafmlmod.AutomaticEventSubscriber/LOADING]: Auto-subscribing committee.nova.mods.avaritia.client.shader.AvaritiaShaders to FORGE
[1612ŒŽ2025 19:05:11.715] [modloading-worker-0/DEBUG] [net.minecraftforge.fml.javafmlmod.AutomaticEventSubscriber/LOADING]: Auto-subscribing committee.nova.mods.avaritia.client.AvaritiaModClient to MOD
[1612ŒŽ2025 19:05:11.725] [modloading-worker-0/DEBUG] [net.minecraftforge.fml.javafmlmod.AutomaticEventSubscriber/LOADING]: Auto-subscribing committee.nova.mods.avaritia.client.AvaritiaForgeClient to FORGE
[1612ŒŽ2025 19:05:11.736] [modloading-worker-0/DEBUG] [net.minecraftforge.fml.javafmlmod.AutomaticEventSubscriber/LOADING]: Auto-subscribing committee.nova.mods.avaritia.api.utils.RecipeUtils to FORGE
[1612ŒŽ2025 19:05:11.854] [modloading-worker-0/DEBUG] [net.minecraftforge.fml.javafmlmod.AutomaticEventSubscriber/LOADING]: Attempting to inject @EventBusSubscriber classes into the eventbus for mekanismgenerators
[1612ŒŽ2025 19:05:11.854] [modloading-worker-0/DEBUG] [net.minecraftforge.fml.javafmlmod.AutomaticEventSubscriber/LOADING]: Auto-subscribing mekanism.generators.client.GeneratorsClientRegistration to MOD
[1612ŒŽ2025 19:05:12.361] [modloading-worker-0/DEBUG] [net.minecraftforge.fml.javafmlmod.AutomaticEventSubscriber/LOADING]: Attempting to inject @EventBusSubscriber classes into the eventbus for mekanism
[1612ŒŽ2025 19:05:12.361] [modloading-worker-0/DEBUG] [net.minecraftforge.fml.javafmlmod.AutomaticEventSubscriber/LOADING]: Auto-subscribing mekanism.common.recipe.MekanismRecipeType to FORGE
[1612ŒŽ2025 19:05:12.363] [modloading-worker-0/DEBUG] [net.minecraftforge.fml.javafmlmod.AutomaticEventSubscriber/LOADING]: Auto-subscribing mekanism.client.sound.SoundHandler to MOD
[1612ŒŽ2025 19:05:12.365] [modloading-worker-0/DEBUG] [net.minecraftforge.fml.javafmlmod.AutomaticEventSubscriber/LOADING]: Auto-subscribing mekanism.client.render.MekanismShaders to MOD
[1612ŒŽ2025 19:05:12.382] [modloading-worker-0/DEBUG] [net.minecraftforge.fml.javafmlmod.AutomaticEventSubscriber/LOADING]: Auto-subscribing mekanism.client.render.MekanismRenderer to MOD
[1612ŒŽ2025 19:05:12.386] [modloading-worker-0/DEBUG] [net.minecraftforge.fml.javafmlmod.AutomaticEventSubscriber/LOADING]: Auto-subscribing mekanism.client.ClientRegistration to MOD
[1612ŒŽ2025 19:05:12.391] [modloading-worker-0/DEBUG] [mixin/]: Mixing PlayerRendererMixin from avaritia.mixins.json into net.minecraft.client.renderer.entity.player.PlayerRenderer
[1612ŒŽ2025 19:05:12.414] [main/DEBUG] [net.minecraftforge.registries.ObjectHolderRegistry/REGISTRIES]: Processing ObjectHolder annotations
[1612ŒŽ2025 19:05:12.424] [main/DEBUG] [net.minecraftforge.registries.ObjectHolderRegistry/REGISTRIES]: Found 5907 ObjectHolder annotations
[1612ŒŽ2025 19:05:12.424] [main/DEBUG] [net.minecraftforge.common.capabilities.CapabilityManager/CAPABILITIES]: Attempting to automatically register: Lmekanism/api/IAlloyInteraction;
[1612ŒŽ2025 19:05:12.424] [main/DEBUG] [net.minecraftforge.common.capabilities.CapabilityManager/CAPABILITIES]: Attempting to automatically register: Lmekanism/api/IConfigCardAccess;
[1612ŒŽ2025 19:05:12.424] [main/DEBUG] [net.minecraftforge.common.capabilities.CapabilityManager/CAPABILITIES]: Attempting to automatically register: Lmekanism/api/IConfigurable;
[1612ŒŽ2025 19:05:12.424] [main/DEBUG] [net.minecraftforge.common.capabilities.CapabilityManager/CAPABILITIES]: Attempting to automatically register: Lmekanism/api/IEvaporationSolar;
[1612ŒŽ2025 19:05:12.424] [main/DEBUG] [net.minecraftforge.common.capabilities.CapabilityManager/CAPABILITIES]: Attempting to automatically register: Lmekanism/api/chemical/gas/IGasHandler;
[1612ŒŽ2025 19:05:12.424] [main/DEBUG] [net.minecraftforge.common.capabilities.CapabilityManager/CAPABILITIES]: Attempting to automatically register: Lmekanism/api/chemical/infuse/IInfusionHandler;
[1612ŒŽ2025 19:05:12.424] [main/DEBUG] [net.minecraftforge.common.capabilities.CapabilityManager/CAPABILITIES]: Attempting to automatically register: Lmekanism/api/chemical/pigment/IPigmentHandler;
[1612ŒŽ2025 19:05:12.424] [main/DEBUG] [net.minecraftforge.common.capabilities.CapabilityManager/CAPABILITIES]: Attempting to automatically register: Lmekanism/api/chemical/slurry/ISlurryHandler;
[1612ŒŽ2025 19:05:12.424] [main/DEBUG] [net.minecraftforge.common.capabilities.CapabilityManager/CAPABILITIES]: Attempting to automatically register: Lmekanism/api/energy/IStrictEnergyHandler;
[1612ŒŽ2025 19:05:12.424] [main/DEBUG] [net.minecraftforge.common.capabilities.CapabilityManager/CAPABILITIES]: Attempting to automatically register: Lmekanism/api/heat/IHeatHandler;
[1612ŒŽ2025 19:05:12.424] [main/DEBUG] [net.minecraftforge.common.capabilities.CapabilityManager/CAPABILITIES]: Attempting to automatically register: Lmekanism/api/lasers/ILaserDissipation;
[1612ŒŽ2025 19:05:12.424] [main/DEBUG] [net.minecraftforge.common.capabilities.CapabilityManager/CAPABILITIES]: Attempting to automatically register: Lmekanism/api/lasers/ILaserReceptor;
[1612ŒŽ2025 19:05:12.424] [main/DEBUG] [net.minecraftforge.common.capabilities.CapabilityManager/CAPABILITIES]: Attempting to automatically register: Lmekanism/api/radiation/capability/IRadiationEntity;
[1612ŒŽ2025 19:05:12.424] [main/DEBUG] [net.minecraftforge.common.capabilities.CapabilityManager/CAPABILITIES]: Attempting to automatically register: Lmekanism/api/radiation/capability/IRadiationShielding;
[1612ŒŽ2025 19:05:12.424] [main/DEBUG] [net.minecraftforge.common.capabilities.CapabilityManager/CAPABILITIES]: Attempting to automatically register: Lmekanism/api/security/IOwnerObject;
[1612ŒŽ2025 19:05:12.424] [main/DEBUG] [net.minecraftforge.common.capabilities.CapabilityManager/CAPABILITIES]: Attempting to automatically register: Lmekanism/api/security/ISecurityObject;
[1612ŒŽ2025 19:05:12.424] [main/DEBUG] [net.minecraftforge.common.capabilities.CapabilityManager/CAPABILITIES]: Attempting to automatically register: Lnet/minecraftforge/energy/IEnergyStorage;
[1612ŒŽ2025 19:05:12.424] [main/DEBUG] [net.minecraftforge.common.capabilities.CapabilityManager/CAPABILITIES]: Attempting to automatically register: Lnet/minecraftforge/fluids/capability/IFluidHandler;
[1612ŒŽ2025 19:05:12.424] [main/DEBUG] [net.minecraftforge.common.capabilities.CapabilityManager/CAPABILITIES]: Attempting to automatically register: Lnet/minecraftforge/fluids/capability/IFluidHandlerItem;
[1612ŒŽ2025 19:05:12.424] [main/DEBUG] [net.minecraftforge.common.capabilities.CapabilityManager/CAPABILITIES]: Attempting to automatically register: Lnet/minecraftforge/items/IItemHandler;
[1612ŒŽ2025 19:05:12.424] [main/DEBUG] [net.minecraftforge.registries.GameData/REGISTRIES]: Unfreezing vanilla registries
[1612ŒŽ2025 19:05:12.424] [main/DEBUG] [net.minecraftforge.registries.GameData/REGISTRIES]: Applying holder lookups: minecraft:sound_event
[1612ŒŽ2025 19:05:12.437] [main/DEBUG] [net.minecraftforge.registries.GameData/REGISTRIES]: Holder lookups applied: minecraft:sound_event
[1612ŒŽ2025 19:05:12.437] [main/DEBUG] [net.minecraftforge.registries.GameData/REGISTRIES]: Applying holder lookups: minecraft:fluid
[1612ŒŽ2025 19:05:12.437] [main/DEBUG] [net.minecraftforge.registries.GameData/REGISTRIES]: Holder lookups applied: minecraft:fluid
[1612ŒŽ2025 19:05:12.675] [main/DEBUG] [net.minecraftforge.registries.GameData/REGISTRIES]: Applying holder lookups: minecraft:block
[1612ŒŽ2025 19:05:12.675] [main/DEBUG] [net.minecraftforge.registries.GameData/REGISTRIES]: Holder lookups applied: minecraft:block
[1612ŒŽ2025 19:05:12.675] [main/DEBUG] [net.minecraftforge.registries.GameData/REGISTRIES]: Applying holder lookups: minecraft:attribute
[1612ŒŽ2025 19:05:12.675] [main/DEBUG] [net.minecraftforge.registries.GameData/REGISTRIES]: Holder lookups applied: minecraft:attribute
[1612ŒŽ2025 19:05:12.675] [main/DEBUG] [net.minecraftforge.registries.GameData/REGISTRIES]: Applying holder lookups: minecraft:mob_effect
[1612ŒŽ2025 19:05:12.675] [main/DEBUG] [net.minecraftforge.registries.GameData/REGISTRIES]: Holder lookups applied: minecraft:mob_effect
[1612ŒŽ2025 19:05:12.675] [main/DEBUG] [net.minecraftforge.registries.GameData/REGISTRIES]: Applying holder lookups: minecraft:particle_type
[1612ŒŽ2025 19:05:12.684] [main/DEBUG] [net.minecraftforge.registries.GameData/REGISTRIES]: Holder lookups applied: minecraft:particle_type
[1612ŒŽ2025 19:05:12.695] [main/DEBUG] [software.bernie.geckolib.GeckoLib/]: Registered SyncedAnimatable for class software.bernie.example.item.JackInTheBoxItem
[1612ŒŽ2025 19:05:12.735] [main/DEBUG] [net.minecraftforge.registries.GameData/REGISTRIES]: Applying holder lookups: minecraft:item
[1612ŒŽ2025 19:05:12.735] [main/DEBUG] [net.minecraftforge.registries.GameData/REGISTRIES]: Holder lookups applied: minecraft:item
[1612ŒŽ2025 19:05:12.764] [main/DEBUG] [net.minecraftforge.registries.GameData/REGISTRIES]: Applying holder lookups: minecraft:entity_type
[1612ŒŽ2025 19:05:12.764] [main/DEBUG] [net.minecraftforge.registries.GameData/REGISTRIES]: Holder lookups applied: minecraft:entity_type
[1612ŒŽ2025 19:05:12.764] [main/DEBUG] [net.minecraftforge.registries.GameData/REGISTRIES]: Applying holder lookups: minecraft:sensor_type
[1612ŒŽ2025 19:05:12.764] [main/DEBUG] [net.minecraftforge.registries.GameData/REGISTRIES]: Holder lookups applied: minecraft:sensor_type
[1612ŒŽ2025 19:05:12.764] [main/DEBUG] [net.minecraftforge.registries.GameData/REGISTRIES]: Applying holder lookups: minecraft:memory_module_type
[1612ŒŽ2025 19:05:12.767] [main/DEBUG] [net.minecraftforge.registries.GameData/REGISTRIES]: Holder lookups applied: minecraft:memory_module_type
[1612ŒŽ2025 19:05:12.767] [main/DEBUG] [net.minecraftforge.registries.GameData/REGISTRIES]: Applying holder lookups: minecraft:potion
[1612ŒŽ2025 19:05:12.767] [main/DEBUG] [net.minecraftforge.registries.GameData/REGISTRIES]: Holder lookups applied: minecraft:potion
[1612ŒŽ2025 19:05:12.767] [main/DEBUG] [net.minecraftforge.registries.GameData/REGISTRIES]: Applying holder lookups: minecraft:game_event
[1612ŒŽ2025 19:05:12.767] [main/DEBUG] [net.minecraftforge.registries.GameData/REGISTRIES]: Holder lookups applied: minecraft:game_event
[1612ŒŽ2025 19:05:12.767] [main/DEBUG] [net.minecraftforge.registries.GameData/REGISTRIES]: Applying holder lookups: minecraft:enchantment
[1612ŒŽ2025 19:05:12.767] [main/DEBUG] [net.minecraftforge.registries.GameData/REGISTRIES]: Holder lookups applied: minecraft:enchantment
[1612ŒŽ2025 19:05:12.767] [main/DEBUG] [net.minecraftforge.registries.GameData/REGISTRIES]: Applying holder lookups: minecraft:block_entity_type
[1612ŒŽ2025 19:05:12.767] [main/DEBUG] [net.minecraftforge.registries.GameData/REGISTRIES]: Holder lookups applied: minecraft:block_entity_type
[1612ŒŽ2025 19:05:12.767] [main/DEBUG] [net.minecraftforge.registries.GameData/REGISTRIES]: Applying holder lookups: minecraft:painting_variant
[1612ŒŽ2025 19:05:12.767] [main/DEBUG] [net.minecraftforge.registries.GameData/REGISTRIES]: Holder lookups applied: minecraft:painting_variant
[1612ŒŽ2025 19:05:12.772] [main/DEBUG] [net.minecraftforge.registries.GameData/REGISTRIES]: Applying holder lookups: minecraft:stat_type
[1612ŒŽ2025 19:05:12.772] [main/DEBUG] [net.minecraftforge.registries.GameData/REGISTRIES]: Holder lookups applied: minecraft:stat_type
[1612ŒŽ2025 19:05:12.772] [main/DEBUG] [net.minecraftforge.registries.GameData/REGISTRIES]: Applying holder lookups: minecraft:custom_stat
[1612ŒŽ2025 19:05:12.772] [main/DEBUG] [net.minecraftforge.registries.GameData/REGISTRIES]: Holder lookups applied: minecraft:custom_stat
[1612ŒŽ2025 19:05:12.772] [main/DEBUG] [net.minecraftforge.registries.GameData/REGISTRIES]: Applying holder lookups: minecraft:chunk_status
[1612ŒŽ2025 19:05:12.772] [main/DEBUG] [net.minecraftforge.registries.GameData/REGISTRIES]: Holder lookups applied: minecraft:chunk_status
[1612ŒŽ2025 19:05:12.772] [main/DEBUG] [net.minecraftforge.registries.GameData/REGISTRIES]: Applying holder lookups: minecraft:rule_test
[1612ŒŽ2025 19:05:12.772] [main/DEBUG] [net.minecraftforge.registries.GameData/REGISTRIES]: Holder lookups applied: minecraft:rule_test
[1612ŒŽ2025 19:05:12.772] [main/DEBUG] [net.minecraftforge.registries.GameData/REGISTRIES]: Applying holder lookups: minecraft:rule_block_entity_modifier
[1612ŒŽ2025 19:05:12.773] [main/DEBUG] [net.minecraftforge.registries.GameData/REGISTRIES]: Holder lookups applied: minecraft:rule_block_entity_modifier
[1612ŒŽ2025 19:05:12.773] [main/DEBUG] [net.minecraftforge.registries.GameData/REGISTRIES]: Applying holder lookups: minecraft:pos_rule_test
[1612ŒŽ2025 19:05:12.773] [main/DEBUG] [net.minecraftforge.registries.GameData/REGISTRIES]: Holder lookups applied: minecraft:pos_rule_test
[1612ŒŽ2025 19:05:12.877] [main/DEBUG] [net.minecraftforge.registries.GameData/REGISTRIES]: Applying holder lookups: minecraft:menu
[1612ŒŽ2025 19:05:12.877] [main/DEBUG] [net.minecraftforge.registries.GameData/REGISTRIES]: Holder lookups applied: minecraft:menu
[1612ŒŽ2025 19:05:12.885] [main/DEBUG] [net.minecraftforge.registries.GameData/REGISTRIES]: Applying holder lookups: minecraft:recipe_type
[1612ŒŽ2025 19:05:12.885] [main/DEBUG] [net.minecraftforge.registries.GameData/REGISTRIES]: Holder lookups applied: minecraft:recipe_type
[1612ŒŽ2025 19:05:12.914] [main/DEBUG] [net.minecraftforge.registries.GameData/REGISTRIES]: Applying holder lookups: minecraft:recipe_serializer
[1612ŒŽ2025 19:05:12.914] [main/DEBUG] [net.minecraftforge.registries.GameData/REGISTRIES]: Holder lookups applied: minecraft:recipe_serializer
[1612ŒŽ2025 19:05:12.914] [main/DEBUG] [net.minecraftforge.registries.GameData/REGISTRIES]: Applying holder lookups: minecraft:position_source_type
[1612ŒŽ2025 19:05:12.914] [main/DEBUG] [net.minecraftforge.registries.GameData/REGISTRIES]: Holder lookups applied: minecraft:position_source_type
[1612ŒŽ2025 19:05:12.914] [main/DEBUG] [net.minecraftforge.registries.GameData/REGISTRIES]: Applying holder lookups: minecraft:command_argument_type
[1612ŒŽ2025 19:05:12.914] [main/DEBUG] [net.minecraftforge.registries.GameData/REGISTRIES]: Holder lookups applied: minecraft:command_argument_type
[1612ŒŽ2025 19:05:12.914] [main/DEBUG] [net.minecraftforge.registries.GameData/REGISTRIES]: Applying holder lookups: minecraft:villager_type
[1612ŒŽ2025 19:05:12.914] [main/DEBUG] [net.minecraftforge.registries.GameData/REGISTRIES]: Holder lookups applied: minecraft:villager_type
[1612ŒŽ2025 19:05:12.914] [main/DEBUG] [net.minecraftforge.registries.GameData/REGISTRIES]: Applying holder lookups: minecraft:villager_profession
[1612ŒŽ2025 19:05:12.914] [main/DEBUG] [net.minecraftforge.registries.GameData/REGISTRIES]: Holder lookups applied: minecraft:villager_profession
[1612ŒŽ2025 19:05:12.914] [main/DEBUG] [net.minecraftforge.registries.GameData/REGISTRIES]: Applying holder lookups: minecraft:point_of_interest_type
[1612ŒŽ2025 19:05:12.914] [main/DEBUG] [net.minecraftforge.registries.GameData/REGISTRIES]: Holder lookups applied: minecraft:point_of_interest_type
[1612ŒŽ2025 19:05:12.914] [main/DEBUG] [net.minecraftforge.registries.GameData/REGISTRIES]: Applying holder lookups: minecraft:schedule
[1612ŒŽ2025 19:05:12.914] [main/DEBUG] [net.minecraftforge.registries.GameData/REGISTRIES]: Holder lookups applied: minecraft:schedule
[1612ŒŽ2025 19:05:12.914] [main/DEBUG] [net.minecraftforge.registries.GameData/REGISTRIES]: Applying holder lookups: minecraft:activity
[1612ŒŽ2025 19:05:12.914] [main/DEBUG] [net.minecraftforge.registries.GameData/REGISTRIES]: Holder lookups applied: minecraft:activity
[1612ŒŽ2025 19:05:12.914] [main/DEBUG] [net.minecraftforge.registries.GameData/REGISTRIES]: Applying holder lookups: minecraft:loot_pool_entry_type
[1612ŒŽ2025 19:05:12.914] [main/DEBUG] [net.minecraftforge.registries.GameData/REGISTRIES]: Holder lookups applied: minecraft:loot_pool_entry_type
[1612ŒŽ2025 19:05:12.914] [main/DEBUG] [net.minecraftforge.registries.GameData/REGISTRIES]: Applying holder lookups: minecraft:loot_function_type
[1612ŒŽ2025 19:05:12.914] [main/DEBUG] [net.minecraftforge.registries.GameData/REGISTRIES]: Holder lookups applied: minecraft:loot_function_type
[1612ŒŽ2025 19:05:12.924] [main/DEBUG] [net.minecraftforge.registries.GameData/REGISTRIES]: Applying holder lookups: minecraft:loot_condition_type
[1612ŒŽ2025 19:05:12.924] [main/DEBUG] [net.minecraftforge.registries.GameData/REGISTRIES]: Holder lookups applied: minecraft:loot_condition_type
[1612ŒŽ2025 19:05:12.924] [main/DEBUG] [net.minecraftforge.registries.GameData/REGISTRIES]: Applying holder lookups: minecraft:loot_number_provider_type
[1612ŒŽ2025 19:05:12.924] [main/DEBUG] [net.minecraftforge.registries.GameData/REGISTRIES]: Holder lookups applied: minecraft:loot_number_provider_type
[1612ŒŽ2025 19:05:12.924] [main/DEBUG] [net.minecraftforge.registries.GameData/REGISTRIES]: Applying holder lookups: minecraft:loot_nbt_provider_type
[1612ŒŽ2025 19:05:12.924] [main/DEBUG] [net.minecraftforge.registries.GameData/REGISTRIES]: Holder lookups applied: minecraft:loot_nbt_provider_type
[1612ŒŽ2025 19:05:12.924] [main/DEBUG] [net.minecraftforge.registries.GameData/REGISTRIES]: Applying holder lookups: minecraft:loot_score_provider_type
[1612ŒŽ2025 19:05:12.924] [main/DEBUG] [net.minecraftforge.registries.GameData/REGISTRIES]: Holder lookups applied: minecraft:loot_score_provider_type
[1612ŒŽ2025 19:05:12.924] [main/DEBUG] [net.minecraftforge.registries.GameData/REGISTRIES]: Applying holder lookups: minecraft:float_provider_type
[1612ŒŽ2025 19:05:12.925] [main/DEBUG] [net.minecraftforge.registries.GameData/REGISTRIES]: Holder lookups applied: minecraft:float_provider_type
[1612ŒŽ2025 19:05:12.925] [main/DEBUG] [net.minecraftforge.registries.GameData/REGISTRIES]: Applying holder lookups: minecraft:int_provider_type
[1612ŒŽ2025 19:05:12.925] [main/DEBUG] [net.minecraftforge.registries.GameData/REGISTRIES]: Holder lookups applied: minecraft:int_provider_type
[1612ŒŽ2025 19:05:12.925] [main/DEBUG] [net.minecraftforge.registries.GameData/REGISTRIES]: Applying holder lookups: minecraft:height_provider_type
[1612ŒŽ2025 19:05:12.925] [main/DEBUG] [net.minecraftforge.registries.GameData/REGISTRIES]: Holder lookups applied: minecraft:height_provider_type
[1612ŒŽ2025 19:05:12.925] [main/DEBUG] [net.minecraftforge.registries.GameData/REGISTRIES]: Applying holder lookups: minecraft:block_predicate_type
[1612ŒŽ2025 19:05:12.925] [main/DEBUG] [net.minecraftforge.registries.GameData/REGISTRIES]: Holder lookups applied: minecraft:block_predicate_type
[1612ŒŽ2025 19:05:12.925] [main/DEBUG] [net.minecraftforge.registries.GameData/REGISTRIES]: Applying holder lookups: minecraft:worldgen/carver
[1612ŒŽ2025 19:05:12.925] [main/DEBUG] [net.minecraftforge.registries.GameData/REGISTRIES]: Holder lookups applied: minecraft:worldgen/carver
[1612ŒŽ2025 19:05:12.925] [main/DEBUG] [net.minecraftforge.registries.GameData/REGISTRIES]: Applying holder lookups: minecraft:worldgen/feature
[1612ŒŽ2025 19:05:12.925] [main/DEBUG] [net.minecraftforge.registries.GameData/REGISTRIES]: Holder lookups applied: minecraft:worldgen/feature
[1612ŒŽ2025 19:05:12.925] [main/DEBUG] [net.minecraftforge.registries.GameData/REGISTRIES]: Applying holder lookups: minecraft:worldgen/structure_processor
[1612ŒŽ2025 19:05:12.925] [main/DEBUG] [net.minecraftforge.registries.GameData/REGISTRIES]: Holder lookups applied: minecraft:worldgen/structure_processor
[1612ŒŽ2025 19:05:12.925] [main/DEBUG] [net.minecraftforge.registries.GameData/REGISTRIES]: Applying holder lookups: minecraft:worldgen/structure_placement
[1612ŒŽ2025 19:05:12.925] [main/DEBUG] [net.minecraftforge.registries.GameData/REGISTRIES]: Holder lookups applied: minecraft:worldgen/structure_placement
[1612ŒŽ2025 19:05:12.925] [main/DEBUG] [net.minecraftforge.registries.GameData/REGISTRIES]: Applying holder lookups: minecraft:worldgen/structure_piece
[1612ŒŽ2025 19:05:12.925] [main/DEBUG] [net.minecraftforge.registries.GameData/REGISTRIES]: Holder lookups applied: minecraft:worldgen/structure_piece
[1612ŒŽ2025 19:05:12.925] [main/DEBUG] [net.minecraftforge.registries.GameData/REGISTRIES]: Applying holder lookups: minecraft:worldgen/structure_type
[1612ŒŽ2025 19:05:12.925] [main/DEBUG] [net.minecraftforge.registries.GameData/REGISTRIES]: Holder lookups applied: minecraft:worldgen/structure_type
[1612ŒŽ2025 19:05:12.925] [main/DEBUG] [net.minecraftforge.registries.GameData/REGISTRIES]: Applying holder lookups: minecraft:worldgen/placement_modifier_type
[1612ŒŽ2025 19:05:12.925] [main/DEBUG] [net.minecraftforge.registries.GameData/REGISTRIES]: Holder lookups applied: minecraft:worldgen/placement_modifier_type
[1612ŒŽ2025 19:05:12.925] [main/DEBUG] [net.minecraftforge.registries.GameData/REGISTRIES]: Applying holder lookups: minecraft:worldgen/block_state_provider_type
[1612ŒŽ2025 19:05:12.925] [main/DEBUG] [net.minecraftforge.registries.GameData/REGISTRIES]: Holder lookups applied: minecraft:worldgen/block_state_provider_type
[1612ŒŽ2025 19:05:12.925] [main/DEBUG] [net.minecraftforge.registries.GameData/REGISTRIES]: Applying holder lookups: minecraft:worldgen/foliage_placer_type
[1612ŒŽ2025 19:05:12.925] [main/DEBUG] [net.minecraftforge.registries.GameData/REGISTRIES]: Holder lookups applied: minecraft:worldgen/foliage_placer_type
[1612ŒŽ2025 19:05:12.925] [main/DEBUG] [net.minecraftforge.registries.GameData/REGISTRIES]: Applying holder lookups: minecraft:worldgen/trunk_placer_type
[1612ŒŽ2025 19:05:12.925] [main/DEBUG] [net.minecraftforge.registries.GameData/REGISTRIES]: Holder lookups applied: minecraft:worldgen/trunk_placer_type
[1612ŒŽ2025 19:05:12.925] [main/DEBUG] [net.minecraftforge.registries.GameData/REGISTRIES]: Applying holder lookups: minecraft:worldgen/root_placer_type
[1612ŒŽ2025 19:05:12.925] [main/DEBUG] [net.minecraftforge.registries.GameData/REGISTRIES]: Holder lookups applied: minecraft:worldgen/root_placer_type
[1612ŒŽ2025 19:05:12.925] [main/DEBUG] [net.minecraftforge.registries.GameData/REGISTRIES]: Applying holder lookups: minecraft:worldgen/tree_decorator_type
[1612ŒŽ2025 19:05:12.925] [main/DEBUG] [net.minecraftforge.registries.GameData/REGISTRIES]: Holder lookups applied: minecraft:worldgen/tree_decorator_type
[1612ŒŽ2025 19:05:12.925] [main/DEBUG] [net.minecraftforge.registries.GameData/REGISTRIES]: Applying holder lookups: minecraft:worldgen/feature_size_type
[1612ŒŽ2025 19:05:12.925] [main/DEBUG] [net.minecraftforge.registries.GameData/REGISTRIES]: Holder lookups applied: minecraft:worldgen/feature_size_type
[1612ŒŽ2025 19:05:12.925] [main/DEBUG] [net.minecraftforge.registries.GameData/REGISTRIES]: Applying holder lookups: minecraft:worldgen/biome_source
[1612ŒŽ2025 19:05:12.925] [main/DEBUG] [net.minecraftforge.registries.GameData/REGISTRIES]: Holder lookups applied: minecraft:worldgen/biome_source
[1612ŒŽ2025 19:05:12.925] [main/DEBUG] [net.minecraftforge.registries.GameData/REGISTRIES]: Applying holder lookups: minecraft:worldgen/chunk_generator
[1612ŒŽ2025 19:05:12.925] [main/DEBUG] [net.minecraftforge.registries.GameData/REGISTRIES]: Holder lookups applied: minecraft:worldgen/chunk_generator
[1612ŒŽ2025 19:05:12.925] [main/DEBUG] [net.minecraftforge.registries.GameData/REGISTRIES]: Applying holder lookups: minecraft:worldgen/material_condition
[1612ŒŽ2025 19:05:12.925] [main/DEBUG] [net.minecraftforge.registries.GameData/REGISTRIES]: Holder lookups applied: minecraft:worldgen/material_condition
[1612ŒŽ2025 19:05:12.925] [main/DEBUG] [net.minecraftforge.registries.GameData/REGISTRIES]: Applying holder lookups: minecraft:worldgen/material_rule
[1612ŒŽ2025 19:05:12.925] [main/DEBUG] [net.minecraftforge.registries.GameData/REGISTRIES]: Holder lookups applied: minecraft:worldgen/material_rule
[1612ŒŽ2025 19:05:12.925] [main/DEBUG] [net.minecraftforge.registries.GameData/REGISTRIES]: Applying holder lookups: minecraft:worldgen/density_function_type
[1612ŒŽ2025 19:05:12.934] [main/DEBUG] [net.minecraftforge.registries.GameData/REGISTRIES]: Holder lookups applied: minecraft:worldgen/density_function_type
[1612ŒŽ2025 19:05:12.934] [main/DEBUG] [net.minecraftforge.registries.GameData/REGISTRIES]: Applying holder lookups: minecraft:worldgen/structure_pool_element
[1612ŒŽ2025 19:05:12.934] [main/DEBUG] [net.minecraftforge.registries.GameData/REGISTRIES]: Holder lookups applied: minecraft:worldgen/structure_pool_element
[1612ŒŽ2025 19:05:12.934] [main/DEBUG] [net.minecraftforge.registries.GameData/REGISTRIES]: Applying holder lookups: minecraft:cat_variant
[1612ŒŽ2025 19:05:12.934] [main/DEBUG] [net.minecraftforge.registries.GameData/REGISTRIES]: Holder lookups applied: minecraft:cat_variant
[1612ŒŽ2025 19:05:12.934] [main/DEBUG] [net.minecraftforge.registries.GameData/REGISTRIES]: Applying holder lookups: minecraft:frog_variant
[1612ŒŽ2025 19:05:12.934] [main/DEBUG] [net.minecraftforge.registries.GameData/REGISTRIES]: Holder lookups applied: minecraft:frog_variant
[1612ŒŽ2025 19:05:12.934] [main/DEBUG] [net.minecraftforge.registries.GameData/REGISTRIES]: Applying holder lookups: minecraft:banner_pattern
[1612ŒŽ2025 19:05:12.934] [main/DEBUG] [net.minecraftforge.registries.GameData/REGISTRIES]: Holder lookups applied: minecraft:banner_pattern
[1612ŒŽ2025 19:05:12.934] [main/DEBUG] [net.minecraftforge.registries.GameData/REGISTRIES]: Applying holder lookups: minecraft:instrument
[1612ŒŽ2025 19:05:12.934] [main/DEBUG] [net.minecraftforge.registries.GameData/REGISTRIES]: Holder lookups applied: minecraft:instrument
[1612ŒŽ2025 19:05:12.934] [main/DEBUG] [net.minecraftforge.registries.GameData/REGISTRIES]: Applying holder lookups: minecraft:decorated_pot_patterns
[1612ŒŽ2025 19:05:12.934] [main/DEBUG] [net.minecraftforge.registries.GameData/REGISTRIES]: Holder lookups applied: minecraft:decorated_pot_patterns
[1612ŒŽ2025 19:05:12.934] [main/DEBUG] [net.minecraftforge.registries.GameData/REGISTRIES]: Applying holder lookups: minecraft:creative_mode_tab
[1612ŒŽ2025 19:05:12.934] [main/DEBUG] [net.minecraftforge.registries.GameData/REGISTRIES]: Holder lookups applied: minecraft:creative_mode_tab
[1612ŒŽ2025 19:05:12.944] [main/DEBUG] [net.minecraftforge.registries.GameData/REGISTRIES]: Applying holder lookups: forge:biome_modifier_serializers
[1612ŒŽ2025 19:05:12.944] [main/DEBUG] [net.minecraftforge.registries.GameData/REGISTRIES]: Holder lookups applied: forge:biome_modifier_serializers
[1612ŒŽ2025 19:05:12.944] [main/DEBUG] [net.minecraftforge.registries.GameData/REGISTRIES]: Applying holder lookups: forge:display_contexts
[1612ŒŽ2025 19:05:12.944] [main/DEBUG] [net.minecraftforge.registries.GameData/REGISTRIES]: Holder lookups applied: forge:display_contexts
[1612ŒŽ2025 19:05:12.944] [main/DEBUG] [net.minecraftforge.registries.GameData/REGISTRIES]: Applying holder lookups: forge:entity_data_serializers
[1612ŒŽ2025 19:05:12.944] [main/DEBUG] [net.minecraftforge.registries.GameData/REGISTRIES]: Holder lookups applied: forge:entity_data_serializers
[1612ŒŽ2025 19:05:12.944] [main/DEBUG] [net.minecraftforge.registries.GameData/REGISTRIES]: Applying holder lookups: forge:fluid_type
[1612ŒŽ2025 19:05:12.944] [main/DEBUG] [net.minecraftforge.registries.GameData/REGISTRIES]: Holder lookups applied: forge:fluid_type
[1612ŒŽ2025 19:05:12.944] [main/DEBUG] [net.minecraftforge.registries.GameData/REGISTRIES]: Applying holder lookups: forge:global_loot_modifier_serializers
[1612ŒŽ2025 19:05:12.944] [main/DEBUG] [net.minecraftforge.registries.GameData/REGISTRIES]: Holder lookups applied: forge:global_loot_modifier_serializers
[1612ŒŽ2025 19:05:12.953] [main/DEBUG] [net.minecraftforge.registries.GameData/REGISTRIES]: Applying holder lookups: forge:holder_set_type
[1612ŒŽ2025 19:05:12.953] [main/DEBUG] [net.minecraftforge.registries.GameData/REGISTRIES]: Holder lookups applied: forge:holder_set_type
[1612ŒŽ2025 19:05:12.954] [main/DEBUG] [net.minecraftforge.registries.GameData/REGISTRIES]: Applying holder lookups: forge:structure_modifier_serializers
[1612ŒŽ2025 19:05:12.954] [main/DEBUG] [net.minecraftforge.registries.GameData/REGISTRIES]: Holder lookups applied: forge:structure_modifier_serializers
[1612ŒŽ2025 19:05:12.954] [main/DEBUG] [net.minecraftforge.registries.GameData/REGISTRIES]: Applying holder lookups: mekanism:gas
[1612ŒŽ2025 19:05:12.954] [main/DEBUG] [net.minecraftforge.registries.GameData/REGISTRIES]: Holder lookups applied: mekanism:gas
[1612ŒŽ2025 19:05:12.957] [main/DEBUG] [net.minecraftforge.registries.GameData/REGISTRIES]: Applying holder lookups: mekanism:infuse_type
[1612ŒŽ2025 19:05:12.957] [main/DEBUG] [net.minecraftforge.registries.GameData/REGISTRIES]: Holder lookups applied: mekanism:infuse_type
[1612ŒŽ2025 19:05:12.957] [main/DEBUG] [net.minecraftforge.registries.GameData/REGISTRIES]: Applying holder lookups: mekanism:module
[1612ŒŽ2025 19:05:12.957] [main/DEBUG] [net.minecraftforge.registries.GameData/REGISTRIES]: Holder lookups applied: mekanism:module
[1612ŒŽ2025 19:05:12.957] [main/DEBUG] [net.minecraftforge.registries.GameData/REGISTRIES]: Applying holder lookups: mekanism:pigment
[1612ŒŽ2025 19:05:12.957] [main/DEBUG] [net.minecraftforge.registries.GameData/REGISTRIES]: Holder lookups applied: mekanism:pigment
[1612ŒŽ2025 19:05:12.964] [main/DEBUG] [net.minecraftforge.registries.GameData/REGISTRIES]: Applying holder lookups: mekanism:robit_skin_serializer
[1612ŒŽ2025 19:05:12.964] [main/DEBUG] [net.minecraftforge.registries.GameData/REGISTRIES]: Holder lookups applied: mekanism:robit_skin_serializer
[1612ŒŽ2025 19:05:12.965] [main/DEBUG] [net.minecraftforge.registries.GameData/REGISTRIES]: Applying holder lookups: mekanism:slurry
[1612ŒŽ2025 19:05:12.965] [main/DEBUG] [net.minecraftforge.registries.GameData/REGISTRIES]: Holder lookups applied: mekanism:slurry
[1612ŒŽ2025 19:05:12.965] [main/DEBUG] [net.minecraftforge.registries.GameData/REGISTRIES]: Applying holder lookups: minecraft:worldgen/biome
[1612ŒŽ2025 19:05:12.965] [main/DEBUG] [net.minecraftforge.registries.GameData/REGISTRIES]: Holder lookups applied: minecraft:worldgen/biome
[1612ŒŽ2025 19:05:13.059] [main/WARN] [net.minecraft.server.packs.VanillaPackResourcesBuilder/]: Assets URL 'union:/C:/Users/kai10/.gradle/caches/forge_gradle/minecraft_user_repo/net/minecraftforge/forge/1.20.1-47.3.0_mapped_official_1.20.1/forge-1.20.1-47.3.0_mapped_official_1.20.1-recomp.jar%23191!/assets/.mcassetsroot' uses unexpected schema
[1612ŒŽ2025 19:05:13.059] [main/WARN] [net.minecraft.server.packs.VanillaPackResourcesBuilder/]: Assets URL 'union:/C:/Users/kai10/.gradle/caches/forge_gradle/minecraft_user_repo/net/minecraftforge/forge/1.20.1-47.3.0_mapped_official_1.20.1/forge-1.20.1-47.3.0_mapped_official_1.20.1-recomp.jar%23191!/data/.mcassetsroot' uses unexpected schema
[1612ŒŽ2025 19:05:13.193] [main/INFO] [net.minecraft.data.DataGenerator/]: Starting provider: Loot Tables
[1612ŒŽ2025 19:05:13.206] [main/INFO] [net.minecraft.data.DataGenerator/]: Loot Tables finished after 15 ms
[1612ŒŽ2025 19:05:13.206] [main/INFO] [net.minecraft.data.DataGenerator/]: Starting provider: Block States: flans_star_forge
[1612ŒŽ2025 19:05:13.236] [main/INFO] [net.minecraft.data.DataGenerator/]: Block States: flans_star_forge finished after 26 ms
[1612ŒŽ2025 19:05:13.236] [main/INFO] [net.minecraft.data.DataGenerator/]: Starting provider: Item Models: flans_star_forge
[1612ŒŽ2025 19:05:13.236] [main/INFO] [net.minecraft.data.DataGenerator/]: Item Models: flans_star_forge finished after 2 ms
[1612ŒŽ2025 19:05:13.236] [main/INFO] [net.minecraft.data.DataGenerator/]: All providers took: 46 ms
[1612ŒŽ2025 19:05:13.245] [main/INFO] [net.minecraft.data.HashCache/]: Caching: total files: 10, old count: 9, new count: 11, removed stale: 0, written: 1
